{"name":"f6fb1753-d8d8-40fc-b4e5-543f3790623a","id":"/providers/Microsoft.Flow/flows/f6fb1753-d8d8-40fc-b4e5-543f3790623a","type":"Microsoft.Flow/flows","properties":{"apiId":"/providers/Microsoft.PowerApps/apis/shared_logicflows","displayName":"DeployB2WSPLists","definition":{"metadata":{"workflowEntityId":null,"creator":{"id":"7c38da6f-37a8-4b6c-9acc-9238026f578f","type":"User","tenantId":"575cc44e-d14e-4e78-888e-374068f49f78"},"provisioningMethod":"FromDefinition","failureAlertSubscription":true,"clientLastModifiedTime":"2020-05-15T10:35:27.3527562Z"},"$schema":"https://schema.management.azure.com/providers/Microsoft.Logic/schemas/2016-06-01/workflowdefinition.json#","contentVersion":"1.0.0.0","parameters":{"$connections":{"defaultValue":{},"type":"Object"},"$authentication":{"defaultValue":{},"type":"SecureObject"}},"triggers":{"manual":{"type":"Request","kind":"Button","inputs":{"schema":{"type":"object","properties":{},"required":[]}}}},"actions":{"Initialize_Site_URI_Prefix":{"runAfter":{},"type":"InitializeVariable","inputs":{"variables":[{"name":"varSitePrefix","type":"string","value":"https://sycor365.sharepoint.com/sites/Deployment_Test"}]}},"Scope_-_Site_List":{"actions":{"Create_Site_Description_Field":{"runAfter":{"Add_Site_IDField_to_Default_View":["Succeeded"]},"metadata":{"flowSystemMetadata":{"swaggerOperationId":"HttpRequest"}},"type":"ApiConnection","inputs":{"host":{"connection":{"name":"@json(decodeBase64(triggerOutputs().headers['X-MS-APIM-Tokens']))['$connections']['shared_sharepointonline_1']['connectionId']"},"api":{"runtimeUrl":"https://europe-002.azure-apim.net/apim/sharepointonline"}},"method":"post","body":{"method":"POST","uri":"@variables('varFieldsUri')","headers":{"Accept":"application/json;odata=verbose","Content-Type":"application/json;odata=verbose"},"body":"{\n    '__metadata': {'type':'SP.FieldText', 'addToDefaultView': 'true' },\n    'FieldTypeKind': 2,\n    'Title': 'Description'\n}"},"path":"/datasets/@{encodeURIComponent(encodeURIComponent(variables('varSitePrefix')))}/httprequest","authentication":{"type":"Raw","value":"@json(decodeBase64(triggerOutputs().headers['X-MS-APIM-Tokens']))['$ConnectionKey']"}}},"Set_TableName_to_Site":{"runAfter":{},"type":"SetVariable","inputs":{"name":"varTableName","value":"@{variables('varTablePrefix')}site"}},"Set_Fields_URI_for_Site":{"runAfter":{"Set_TableName_to_Site":["Succeeded"]},"type":"SetVariable","inputs":{"name":"varFieldsUri","value":"_api/lists/getbytitle('@{variables('varTableName')}')/fields"}},"Create_Site_List":{"runAfter":{"Set_Fields_URI_for_Site":["Succeeded"]},"metadata":{"flowSystemMetadata":{"swaggerOperationId":"HttpRequest"}},"type":"ApiConnection","inputs":{"host":{"connection":{"name":"@json(decodeBase64(triggerOutputs().headers['X-MS-APIM-Tokens']))['$connections']['shared_sharepointonline_1']['connectionId']"},"api":{"runtimeUrl":"https://europe-002.azure-apim.net/apim/sharepointonline"}},"method":"post","body":{"method":"POST","uri":"/_api/web/lists","headers":{"Accept":"application/json;odata=verbose","Content-Type":"application/json;odata=verbose"},"body":"{\n  \"__metadata\": {\"type\": \"SP.List\"},\n  \"AllowContentTypes\": true,\n  \"BaseTemplate\": 100,\n \"Description\": \"List for the management of all sites for @{variables('varAppName')}.\",\n \"Title\": \"@{variables('varTableName')}\"\n}"},"path":"/datasets/@{encodeURIComponent(encodeURIComponent(variables('varSitePrefix')))}/httprequest","authentication":{"type":"Raw","value":"@json(decodeBase64(triggerOutputs().headers['X-MS-APIM-Tokens']))['$ConnectionKey']"}}},"Add_Site_Description_Field_to_Default_View":{"runAfter":{"Create_Site_Description_Field":["Succeeded"]},"metadata":{"flowSystemMetadata":{"swaggerOperationId":"HttpRequest"}},"type":"ApiConnection","inputs":{"host":{"connection":{"name":"@json(decodeBase64(triggerOutputs().headers['X-MS-APIM-Tokens']))['$connections']['shared_sharepointonline_1']['connectionId']"},"api":{"runtimeUrl":"https://europe-002.azure-apim.net/apim/sharepointonline"}},"method":"post","body":{"method":"POST","uri":"_api/web/lists/GetByTitle('@{variables('varTableName')}')/views/getbytitle('@{variables('varDefaultViewTitle')}')/ViewFields/AddViewField('Description')","headers":{"Accept":"application/json;odata=verbose","Content-Type":"application/json;odata=verbose"}},"path":"/datasets/@{encodeURIComponent(encodeURIComponent(variables('varSitePrefix')))}/httprequest","authentication":{"type":"Raw","value":"@json(decodeBase64(triggerOutputs().headers['X-MS-APIM-Tokens']))['$ConnectionKey']"}}},"Add_Site_IDField_to_Default_View":{"runAfter":{"Create_Site_List":["Succeeded"]},"metadata":{"flowSystemMetadata":{"swaggerOperationId":"HttpRequest"}},"type":"ApiConnection","inputs":{"host":{"connection":{"name":"@json(decodeBase64(triggerOutputs().headers['X-MS-APIM-Tokens']))['$connections']['shared_sharepointonline_1']['connectionId']"},"api":{"runtimeUrl":"https://europe-002.azure-apim.net/apim/sharepointonline"}},"method":"post","body":{"method":"POST","uri":"_api/web/lists/GetByTitle('@{variables('varTableName')}')/views/getbytitle('@{variables('varDefaultViewTitle')}')/ViewFields/AddViewField('ID')","headers":{"Accept":"application/json;odata=verbose","Content-Type":"application/json;odata=verbose"}},"path":"/datasets/@{encodeURIComponent(encodeURIComponent(variables('varSitePrefix')))}/httprequest","authentication":{"type":"Raw","value":"@json(decodeBase64(triggerOutputs().headers['X-MS-APIM-Tokens']))['$ConnectionKey']"}}}},"runAfter":{"Initialize_Default_View_Name":["Succeeded"]},"type":"Scope"},"Initialize_App_Name":{"runAfter":{"Initialize_Site_URI_Prefix":["Succeeded"]},"type":"InitializeVariable","inputs":{"variables":[{"name":"varAppName","type":"string","value":"Sycor.Back2Work"}]}},"Initialize_Table_Prefix":{"runAfter":{"Initialize_App_Name":["Succeeded"]},"type":"InitializeVariable","inputs":{"variables":[{"name":"varTablePrefix","type":"string","value":"btw_"}]}},"Initialize_Table_Name":{"runAfter":{"Initialize_Table_Prefix":["Succeeded"]},"type":"InitializeVariable","inputs":{"variables":[{"name":"varTableName","type":"string","value":"\"\""}]}},"Initialize_Fields_URI":{"runAfter":{"Initialize_Table_Name":["Succeeded"]},"type":"InitializeVariable","inputs":{"variables":[{"name":"varFieldsUri","type":"string","value":"\"\""}]}},"Scope_-_Building_List":{"actions":{"Set_varTableName_to_Building":{"runAfter":{},"type":"SetVariable","inputs":{"name":"varTableName","value":"@{variables('varTablePrefix')}building"}},"Set_varFieldsUri_for_Building":{"runAfter":{"Set_varTableName_to_Building":["Succeeded"]},"type":"SetVariable","inputs":{"name":"varFieldsUri","value":"_api/lists/getbytitle('@{variables('varTableName')}')/fields"}},"Create_Building_Description_Field":{"runAfter":{"Create_Building_List":["Succeeded"]},"metadata":{"flowSystemMetadata":{"swaggerOperationId":"HttpRequest"}},"type":"ApiConnection","inputs":{"host":{"connection":{"name":"@json(decodeBase64(triggerOutputs().headers['X-MS-APIM-Tokens']))['$connections']['shared_sharepointonline_1']['connectionId']"},"api":{"runtimeUrl":"https://europe-002.azure-apim.net/apim/sharepointonline"}},"method":"post","body":{"method":"POST","uri":"@variables('varFieldsUri')","headers":{"Accept":"application/json;odata=verbose","Content-Type":"application/json;odata=verbose"},"body":"{\n    '__metadata': {'type':'SP.FieldText', 'addToDefaultView': 'true' },\n    'FieldTypeKind': 2,\n    'Title': 'Description'\n}"},"path":"/datasets/@{encodeURIComponent(encodeURIComponent(variables('varSitePrefix')))}/httprequest","authentication":{"type":"Raw","value":"@json(decodeBase64(triggerOutputs().headers['X-MS-APIM-Tokens']))['$ConnectionKey']"}}},"Create_Building_List":{"runAfter":{"Set_varFieldsUri_for_Building":["Succeeded"]},"metadata":{"flowSystemMetadata":{"swaggerOperationId":"HttpRequest"}},"type":"ApiConnection","inputs":{"host":{"connection":{"name":"@json(decodeBase64(triggerOutputs().headers['X-MS-APIM-Tokens']))['$connections']['shared_sharepointonline_1']['connectionId']"},"api":{"runtimeUrl":"https://europe-002.azure-apim.net/apim/sharepointonline"}},"method":"post","body":{"method":"POST","uri":"/_api/web/lists","headers":{"Accept":"application/json;odata=verbose","Content-Type":"application/json;odata=verbose"},"body":"{\n  \"__metadata\": {\"type\": \"SP.List\"},\n  \"AllowContentTypes\": true,\n  \"BaseTemplate\": 100,\n \"Description\": \"List for the management of all buildings for @{variables('varAppName')}.\",\n \"Title\": \"@{variables('varTableName')}\"\n}"},"path":"/datasets/@{encodeURIComponent(encodeURIComponent(variables('varSitePrefix')))}/httprequest","authentication":{"type":"Raw","value":"@json(decodeBase64(triggerOutputs().headers['X-MS-APIM-Tokens']))['$ConnectionKey']"}}},"Create_Building_Site_Lookup_Field":{"runAfter":{"Parse_JSON_for_Site_List":["Succeeded"]},"metadata":{"flowSystemMetadata":{"swaggerOperationId":"HttpRequest"}},"type":"ApiConnection","inputs":{"host":{"connection":{"name":"@json(decodeBase64(triggerOutputs().headers['X-MS-APIM-Tokens']))['$connections']['shared_sharepointonline_1']['connectionId']"},"api":{"runtimeUrl":"https://europe-002.azure-apim.net/apim/sharepointonline"}},"method":"post","body":{"method":"POST","uri":"@{variables('varFieldsUri')}/addfield","headers":{"Accept":"application/json;odata=verbose","Content-Type":"application/json;odata=verbose"},"body":"{\n'parameters':\n{\n    '__metadata': {'type':'SP.FieldCreationInformation'},\n    'FieldTypeKind': 7,\n    'Title': 'Site',\n    'LookupListId' :'@{body('Parse_JSON_for_Site_List')?['d']?['Id']}',\n    'LookupFieldName' : 'Title'\n}\n}"},"path":"/datasets/@{encodeURIComponent(encodeURIComponent(variables('varSitePrefix')))}/httprequest","authentication":{"type":"Raw","value":"@json(decodeBase64(triggerOutputs().headers['X-MS-APIM-Tokens']))['$ConnectionKey']"}}},"Parse_JSON_for_Site_List":{"runAfter":{"Add_Building_Description_Field_to_Default_View":["Succeeded"]},"type":"ParseJson","inputs":{"content":"@body('Create_Site_List')","schema":{"type":"object","properties":{"d":{"type":"object","properties":{"__metadata":{"type":"object","properties":{"id":{"type":"string"},"uri":{"type":"string"},"etag":{"type":"string"},"type":{"type":"string"}}},"FirstUniqueAncestorSecurableObject":{"type":"object","properties":{"__deferred":{"type":"object","properties":{"uri":{"type":"string"}}}}},"RoleAssignments":{"type":"object","properties":{"__deferred":{"type":"object","properties":{"uri":{"type":"string"}}}}},"Author":{"type":"object","properties":{"__deferred":{"type":"object","properties":{"uri":{"type":"string"}}}}},"ContentTypes":{"type":"object","properties":{"__deferred":{"type":"object","properties":{"uri":{"type":"string"}}}}},"CreatablesInfo":{"type":"object","properties":{"__deferred":{"type":"object","properties":{"uri":{"type":"string"}}}}},"DefaultView":{"type":"object","properties":{"__deferred":{"type":"object","properties":{"uri":{"type":"string"}}}}},"DescriptionResource":{"type":"object","properties":{"__deferred":{"type":"object","properties":{"uri":{"type":"string"}}}}},"EventReceivers":{"type":"object","properties":{"__deferred":{"type":"object","properties":{"uri":{"type":"string"}}}}},"Fields":{"type":"object","properties":{"__deferred":{"type":"object","properties":{"uri":{"type":"string"}}}}},"Forms":{"type":"object","properties":{"__deferred":{"type":"object","properties":{"uri":{"type":"string"}}}}},"InformationRightsManagementSettings":{"type":"object","properties":{"__deferred":{"type":"object","properties":{"uri":{"type":"string"}}}}},"Items":{"type":"object","properties":{"__deferred":{"type":"object","properties":{"uri":{"type":"string"}}}}},"ParentWeb":{"type":"object","properties":{"__deferred":{"type":"object","properties":{"uri":{"type":"string"}}}}},"RootFolder":{"type":"object","properties":{"__deferred":{"type":"object","properties":{"uri":{"type":"string"}}}}},"Subscriptions":{"type":"object","properties":{"__deferred":{"type":"object","properties":{"uri":{"type":"string"}}}}},"TitleResource":{"type":"object","properties":{"__deferred":{"type":"object","properties":{"uri":{"type":"string"}}}}},"UserCustomActions":{"type":"object","properties":{"__deferred":{"type":"object","properties":{"uri":{"type":"string"}}}}},"Views":{"type":"object","properties":{"__deferred":{"type":"object","properties":{"uri":{"type":"string"}}}}},"WorkflowAssociations":{"type":"object","properties":{"__deferred":{"type":"object","properties":{"uri":{"type":"string"}}}}},"AllowContentTypes":{"type":"boolean"},"BaseTemplate":{"type":"integer"},"BaseType":{"type":"integer"},"ContentTypesEnabled":{"type":"boolean"},"CrawlNonDefaultViews":{"type":"boolean"},"Created":{"type":"string"},"CurrentChangeToken":{"type":"object","properties":{"__metadata":{"type":"object","properties":{"type":{"type":"string"}}},"StringValue":{"type":"string"}}},"DefaultContentApprovalWorkflowId":{"type":"string"},"DefaultItemOpenUseListSetting":{"type":"boolean"},"Description":{"type":"string"},"Direction":{"type":"string"},"DisableGridEditing":{"type":"boolean"},"DocumentTemplateUrl":{},"DraftVersionVisibility":{"type":"integer"},"EnableAttachments":{"type":"boolean"},"EnableFolderCreation":{"type":"boolean"},"EnableMinorVersions":{"type":"boolean"},"EnableModeration":{"type":"boolean"},"EnableRequestSignOff":{"type":"boolean"},"EnableVersioning":{"type":"boolean"},"EntityTypeName":{"type":"string"},"ExemptFromBlockDownloadOfNonViewableFiles":{"type":"boolean"},"FileSavePostProcessingEnabled":{"type":"boolean"},"ForceCheckout":{"type":"boolean"},"HasExternalDataSource":{"type":"boolean"},"Hidden":{"type":"boolean"},"Id":{"type":"string"},"ImagePath":{"type":"object","properties":{"__metadata":{"type":"object","properties":{"type":{"type":"string"}}},"DecodedUrl":{"type":"string"}}},"ImageUrl":{"type":"string"},"IrmEnabled":{"type":"boolean"},"IrmExpire":{"type":"boolean"},"IrmReject":{"type":"boolean"},"IsApplicationList":{"type":"boolean"},"IsCatalog":{"type":"boolean"},"IsPrivate":{"type":"boolean"},"ItemCount":{"type":"integer"},"LastItemDeletedDate":{"type":"string"},"LastItemModifiedDate":{"type":"string"},"LastItemUserModifiedDate":{"type":"string"},"ListExperienceOptions":{"type":"integer"},"ListItemEntityTypeFullName":{"type":"string"},"MajorVersionLimit":{"type":"integer"},"MajorWithMinorVersionsLimit":{"type":"integer"},"MultipleDataList":{"type":"boolean"},"NoCrawl":{"type":"boolean"},"ParentWebPath":{"type":"object","properties":{"__metadata":{"type":"object","properties":{"type":{"type":"string"}}},"DecodedUrl":{"type":"string"}}},"ParentWebUrl":{"type":"string"},"ParserDisabled":{"type":"boolean"},"ServerTemplateCanCreateFolders":{"type":"boolean"},"TemplateFeatureId":{"type":"string"},"Title":{"type":"string"}}}}}}},"Create_Dependent_Site:ID_Lookup_Field":{"runAfter":{"Parse_JSON_for_Building_Site_Lookup_Field":["Succeeded"]},"metadata":{"flowSystemMetadata":{"swaggerOperationId":"HttpRequest"}},"type":"ApiConnection","inputs":{"host":{"connection":{"name":"@json(decodeBase64(triggerOutputs().headers['X-MS-APIM-Tokens']))['$connections']['shared_sharepointonline_1']['connectionId']"},"api":{"runtimeUrl":"https://europe-002.azure-apim.net/apim/sharepointonline"}},"method":"post","body":{"method":"POST","uri":"@{variables('varFieldsUri')}/addDependentLookupField","headers":{"Accept":"application/json;odata=verbose","Content-Type":"application/json;odata=verbose"},"body":"{\n   'displayName':'Site:ID',\n   'primaryLookupFieldId': '@{body('Parse_JSON_for_Building_Site_Lookup_Field')?['d']?['Id']}',\n   'showField':'ID'\n}"},"path":"/datasets/@{encodeURIComponent(encodeURIComponent(variables('varSitePrefix')))}/httprequest","authentication":{"type":"Raw","value":"@json(decodeBase64(triggerOutputs().headers['X-MS-APIM-Tokens']))['$ConnectionKey']"}}},"Parse_JSON_for_Building_Site_Lookup_Field":{"runAfter":{"AddBuilding_Site_Field_to_Default_View":["Succeeded"]},"type":"ParseJson","inputs":{"content":"@body('Create_Building_Site_Lookup_Field')","schema":{"type":"object","properties":{"d":{"type":"object","properties":{"__metadata":{"type":"object","properties":{"id":{"type":"string"},"uri":{"type":"string"},"type":{"type":"string"}}},"DescriptionResource":{"type":"object","properties":{"__deferred":{"type":"object","properties":{"uri":{"type":"string"}}}}},"TitleResource":{"type":"object","properties":{"__deferred":{"type":"object","properties":{"uri":{"type":"string"}}}}},"AutoIndexed":{"type":"boolean"},"CanBeDeleted":{"type":"boolean"},"ClientSideComponentId":{"type":"string"},"ClientSideComponentProperties":{},"ClientValidationFormula":{},"ClientValidationMessage":{},"CustomFormatter":{},"DefaultFormula":{},"DefaultValue":{},"Description":{"type":"string"},"Direction":{"type":"string"},"EnforceUniqueValues":{"type":"boolean"},"EntityPropertyName":{"type":"string"},"Filterable":{"type":"boolean"},"FromBaseType":{"type":"boolean"},"Group":{"type":"string"},"Hidden":{"type":"boolean"},"Id":{"type":"string"},"Indexed":{"type":"boolean"},"IndexStatus":{"type":"integer"},"InternalName":{"type":"string"},"JSLink":{"type":"string"},"PinnedToFiltersPane":{"type":"boolean"},"ReadOnlyField":{"type":"boolean"},"Required":{"type":"boolean"},"SchemaXml":{"type":"string"},"Scope":{"type":"string"},"Sealed":{"type":"boolean"},"ShowInFiltersPane":{"type":"integer"},"Sortable":{"type":"boolean"},"StaticName":{"type":"string"},"Title":{"type":"string"},"FieldTypeKind":{"type":"integer"},"TypeAsString":{"type":"string"},"TypeDisplayName":{"type":"string"},"TypeShortDescription":{"type":"string"},"ValidationFormula":{},"ValidationMessage":{},"AllowMultipleValues":{"type":"boolean"},"DependentLookupInternalNames":{"type":"object","properties":{"__metadata":{"type":"object","properties":{"type":{"type":"string"}}},"results":{"type":"array"}}},"IsDependentLookup":{"type":"boolean"},"IsRelationship":{"type":"boolean"},"LookupField":{"type":"string"},"LookupList":{"type":"string"},"LookupWebId":{"type":"string"},"PrimaryFieldId":{},"RelationshipDeleteBehavior":{"type":"integer"},"UnlimitedLengthInDocumentLibrary":{"type":"boolean"}}}}}}},"AddBuilding_Site_Field_to_Default_View":{"runAfter":{"Create_Building_Site_Lookup_Field":["Succeeded"]},"metadata":{"flowSystemMetadata":{"swaggerOperationId":"HttpRequest"}},"type":"ApiConnection","inputs":{"host":{"connection":{"name":"@json(decodeBase64(triggerOutputs().headers['X-MS-APIM-Tokens']))['$connections']['shared_sharepointonline_1']['connectionId']"},"api":{"runtimeUrl":"https://europe-002.azure-apim.net/apim/sharepointonline"}},"method":"post","body":{"method":"POST","uri":"_api/web/lists/GetByTitle('@{variables('varTableName')}')/views/getbytitle('@{variables('varDefaultViewTitle')}')/ViewFields/AddViewField('Site')","headers":{"Accept":"application/json;odata=verbose","Content-Type":"application/json;odata=verbose"}},"path":"/datasets/@{encodeURIComponent(encodeURIComponent(variables('varSitePrefix')))}/httprequest","authentication":{"type":"Raw","value":"@json(decodeBase64(triggerOutputs().headers['X-MS-APIM-Tokens']))['$ConnectionKey']"}}},"Add_Building_Description_Field_to_Default_View":{"runAfter":{"Create_Building_Description_Field":["Succeeded"]},"metadata":{"flowSystemMetadata":{"swaggerOperationId":"HttpRequest"}},"type":"ApiConnection","inputs":{"host":{"connection":{"name":"@json(decodeBase64(triggerOutputs().headers['X-MS-APIM-Tokens']))['$connections']['shared_sharepointonline_1']['connectionId']"},"api":{"runtimeUrl":"https://europe-002.azure-apim.net/apim/sharepointonline"}},"method":"post","body":{"method":"POST","uri":"_api/web/lists/GetByTitle('@{variables('varTableName')}')/views/getbytitle('@{variables('varDefaultViewTitle')}')/ViewFields/AddViewField('Description')","headers":{"Accept":"application/json;odata=verbose","Content-Type":"application/json;odata=verbose"}},"path":"/datasets/@{encodeURIComponent(encodeURIComponent(variables('varSitePrefix')))}/httprequest","authentication":{"type":"Raw","value":"@json(decodeBase64(triggerOutputs().headers['X-MS-APIM-Tokens']))['$ConnectionKey']"}}}},"runAfter":{"Scope_-_Site_List":["Succeeded"]},"type":"Scope"},"Scope_-_Space_List":{"actions":{"Set_varTableName_to_Space":{"runAfter":{},"type":"SetVariable","inputs":{"name":"varTableName","value":"@{variables('varTablePrefix')}space"}},"Set_varFieldsUri_for_Space":{"runAfter":{"Set_varTableName_to_Space":["Succeeded"]},"type":"SetVariable","inputs":{"name":"varFieldsUri","value":"_api/lists/getbytitle('@{variables('varTableName')}')/fields"}},"Create_Space_List":{"runAfter":{"Set_varFieldsUri_for_Space":["Succeeded"]},"metadata":{"flowSystemMetadata":{"swaggerOperationId":"HttpRequest"}},"type":"ApiConnection","inputs":{"host":{"connection":{"name":"@json(decodeBase64(triggerOutputs().headers['X-MS-APIM-Tokens']))['$connections']['shared_sharepointonline_1']['connectionId']"},"api":{"runtimeUrl":"https://europe-002.azure-apim.net/apim/sharepointonline"}},"method":"post","body":{"method":"POST","uri":"/_api/web/lists","headers":{"Accept":"application/json;odata=verbose","Content-Type":"application/json;odata=verbose"},"body":"{\n  \"__metadata\": {\"type\": \"SP.List\"},\n  \"AllowContentTypes\": true,\n  \"BaseTemplate\": 100,\n \"Description\": \"List for the management of all spaces for @{variables('varAppName')}.\",\n \"Title\": \"@{variables('varTableName')}\"\n}"},"path":"/datasets/@{encodeURIComponent(encodeURIComponent(variables('varSitePrefix')))}/httprequest","authentication":{"type":"Raw","value":"@json(decodeBase64(triggerOutputs().headers['X-MS-APIM-Tokens']))['$ConnectionKey']"}}},"Create_Space_Description_Field":{"runAfter":{"Add_Space_ID_Field_to_Default_View":["Succeeded"]},"metadata":{"flowSystemMetadata":{"swaggerOperationId":"HttpRequest"}},"type":"ApiConnection","inputs":{"host":{"connection":{"name":"@json(decodeBase64(triggerOutputs().headers['X-MS-APIM-Tokens']))['$connections']['shared_sharepointonline_1']['connectionId']"},"api":{"runtimeUrl":"https://europe-002.azure-apim.net/apim/sharepointonline"}},"method":"post","body":{"method":"POST","uri":"@variables('varFieldsUri')","headers":{"Accept":"application/json;odata=verbose","Content-Type":"application/json;odata=verbose"},"body":"{\n    '__metadata': {'type':'SP.FieldText', 'addToDefaultView': 'true' },\n    'FieldTypeKind': 2,\n    'Title': 'Description'\n}"},"path":"/datasets/@{encodeURIComponent(encodeURIComponent(variables('varSitePrefix')))}/httprequest","authentication":{"type":"Raw","value":"@json(decodeBase64(triggerOutputs().headers['X-MS-APIM-Tokens']))['$ConnectionKey']"}}},"Create_Space_Building_Lookup_Field":{"runAfter":{"Parse_JSON_for_Building_List":["Succeeded"]},"metadata":{"flowSystemMetadata":{"swaggerOperationId":"HttpRequest"}},"type":"ApiConnection","inputs":{"host":{"connection":{"name":"@json(decodeBase64(triggerOutputs().headers['X-MS-APIM-Tokens']))['$connections']['shared_sharepointonline_1']['connectionId']"},"api":{"runtimeUrl":"https://europe-002.azure-apim.net/apim/sharepointonline"}},"method":"post","body":{"method":"POST","uri":"@{variables('varFieldsUri')}/addfield","headers":{"Accept":"application/json;odata=verbose","Content-Type":"application/json;odata=verbose"},"body":"{\n'parameters':\n{\n    '__metadata': {'type':'SP.FieldCreationInformation'},\n    'FieldTypeKind': 7,\n    'Title': 'Building',\n    'LookupListId' :'@{body('Parse_JSON_for_Building_List')?['d']?['Id']}',\n    'LookupFieldName' : 'Title'\n}\n}"},"path":"/datasets/@{encodeURIComponent(encodeURIComponent(variables('varSitePrefix')))}/httprequest","authentication":{"type":"Raw","value":"@json(decodeBase64(triggerOutputs().headers['X-MS-APIM-Tokens']))['$ConnectionKey']"}}},"Create_Space_Capacity_Field":{"runAfter":{"Add_Space_Building:ID_Field_to_Default_View":["Succeeded"]},"metadata":{"flowSystemMetadata":{"swaggerOperationId":"HttpRequest"}},"type":"ApiConnection","inputs":{"host":{"connection":{"name":"@json(decodeBase64(triggerOutputs().headers['X-MS-APIM-Tokens']))['$connections']['shared_sharepointonline_1']['connectionId']"},"api":{"runtimeUrl":"https://europe-002.azure-apim.net/apim/sharepointonline"}},"method":"post","body":{"method":"POST","uri":"@variables('varFieldsUri')","headers":{"Accept":"application/json;odata=verbose","Content-Type":"application/json;odata=verbose"},"body":"{\n    '__metadata': {'type':'SP.FieldNumber', 'addToDefaultView': 'true' },\n    'FieldTypeKind': 1,\n    'Title': 'Capacity'\n}"},"path":"/datasets/@{encodeURIComponent(encodeURIComponent(variables('varSitePrefix')))}/httprequest","authentication":{"type":"Raw","value":"@json(decodeBase64(triggerOutputs().headers['X-MS-APIM-Tokens']))['$ConnectionKey']"}}},"Create_Space_Public_Field":{"runAfter":{"Add_Space_Capacity_Field_To_Default_View":["Succeeded"]},"metadata":{"flowSystemMetadata":{"swaggerOperationId":"HttpRequest"}},"type":"ApiConnection","inputs":{"host":{"connection":{"name":"@json(decodeBase64(triggerOutputs().headers['X-MS-APIM-Tokens']))['$connections']['shared_sharepointonline_1']['connectionId']"},"api":{"runtimeUrl":"https://europe-002.azure-apim.net/apim/sharepointonline"}},"method":"post","body":{"method":"POST","uri":"@variables('varFieldsUri')","headers":{"Accept":"application/json;odata=verbose","Content-Type":"application/json;odata=verbose"},"body":"{\n    '__metadata': {'type':'SP.Field', 'addToDefaultView': 'true' },\n    'FieldTypeKind': 8,\n    'Title': 'Public'\n}"},"path":"/datasets/@{encodeURIComponent(encodeURIComponent(variables('varSitePrefix')))}/httprequest","authentication":{"type":"Raw","value":"@json(decodeBase64(triggerOutputs().headers['X-MS-APIM-Tokens']))['$ConnectionKey']"}}},"Add_Space_Capacity_Field_To_Default_View":{"runAfter":{"Create_Space_Capacity_Field":["Succeeded"]},"metadata":{"flowSystemMetadata":{"swaggerOperationId":"HttpRequest"}},"type":"ApiConnection","inputs":{"host":{"connection":{"name":"@json(decodeBase64(triggerOutputs().headers['X-MS-APIM-Tokens']))['$connections']['shared_sharepointonline_1']['connectionId']"},"api":{"runtimeUrl":"https://europe-002.azure-apim.net/apim/sharepointonline"}},"method":"post","body":{"method":"POST","uri":"_api/web/lists/GetByTitle('@{variables('varTableName')}')/views/getbytitle('@{variables('varDefaultViewTitle')}')/ViewFields/AddViewField('Capacity')","headers":{"Accept":"application/json;odata=verbose","Content-Type":"application/json;odata=verbose"}},"path":"/datasets/@{encodeURIComponent(encodeURIComponent(variables('varSitePrefix')))}/httprequest","authentication":{"type":"Raw","value":"@json(decodeBase64(triggerOutputs().headers['X-MS-APIM-Tokens']))['$ConnectionKey']"}}},"Parse_JSON_for_Building_List":{"runAfter":{"Add_Space_Description_Field_to_Default_View":["Succeeded"]},"type":"ParseJson","inputs":{"content":"@body('Create_Building_List')","schema":{"type":"object","properties":{"d":{"type":"object","properties":{"__metadata":{"type":"object","properties":{"id":{"type":"string"},"uri":{"type":"string"},"etag":{"type":"string"},"type":{"type":"string"}}},"FirstUniqueAncestorSecurableObject":{"type":"object","properties":{"__deferred":{"type":"object","properties":{"uri":{"type":"string"}}}}},"RoleAssignments":{"type":"object","properties":{"__deferred":{"type":"object","properties":{"uri":{"type":"string"}}}}},"Author":{"type":"object","properties":{"__deferred":{"type":"object","properties":{"uri":{"type":"string"}}}}},"ContentTypes":{"type":"object","properties":{"__deferred":{"type":"object","properties":{"uri":{"type":"string"}}}}},"CreatablesInfo":{"type":"object","properties":{"__deferred":{"type":"object","properties":{"uri":{"type":"string"}}}}},"DefaultView":{"type":"object","properties":{"__deferred":{"type":"object","properties":{"uri":{"type":"string"}}}}},"DescriptionResource":{"type":"object","properties":{"__deferred":{"type":"object","properties":{"uri":{"type":"string"}}}}},"EventReceivers":{"type":"object","properties":{"__deferred":{"type":"object","properties":{"uri":{"type":"string"}}}}},"Fields":{"type":"object","properties":{"__deferred":{"type":"object","properties":{"uri":{"type":"string"}}}}},"Forms":{"type":"object","properties":{"__deferred":{"type":"object","properties":{"uri":{"type":"string"}}}}},"InformationRightsManagementSettings":{"type":"object","properties":{"__deferred":{"type":"object","properties":{"uri":{"type":"string"}}}}},"Items":{"type":"object","properties":{"__deferred":{"type":"object","properties":{"uri":{"type":"string"}}}}},"ParentWeb":{"type":"object","properties":{"__deferred":{"type":"object","properties":{"uri":{"type":"string"}}}}},"RootFolder":{"type":"object","properties":{"__deferred":{"type":"object","properties":{"uri":{"type":"string"}}}}},"Subscriptions":{"type":"object","properties":{"__deferred":{"type":"object","properties":{"uri":{"type":"string"}}}}},"TitleResource":{"type":"object","properties":{"__deferred":{"type":"object","properties":{"uri":{"type":"string"}}}}},"UserCustomActions":{"type":"object","properties":{"__deferred":{"type":"object","properties":{"uri":{"type":"string"}}}}},"Views":{"type":"object","properties":{"__deferred":{"type":"object","properties":{"uri":{"type":"string"}}}}},"WorkflowAssociations":{"type":"object","properties":{"__deferred":{"type":"object","properties":{"uri":{"type":"string"}}}}},"AllowContentTypes":{"type":"boolean"},"BaseTemplate":{"type":"integer"},"BaseType":{"type":"integer"},"ContentTypesEnabled":{"type":"boolean"},"CrawlNonDefaultViews":{"type":"boolean"},"Created":{"type":"string"},"CurrentChangeToken":{"type":"object","properties":{"__metadata":{"type":"object","properties":{"type":{"type":"string"}}},"StringValue":{"type":"string"}}},"DefaultContentApprovalWorkflowId":{"type":"string"},"DefaultItemOpenUseListSetting":{"type":"boolean"},"Description":{"type":"string"},"Direction":{"type":"string"},"DisableGridEditing":{"type":"boolean"},"DocumentTemplateUrl":{},"DraftVersionVisibility":{"type":"integer"},"EnableAttachments":{"type":"boolean"},"EnableFolderCreation":{"type":"boolean"},"EnableMinorVersions":{"type":"boolean"},"EnableModeration":{"type":"boolean"},"EnableRequestSignOff":{"type":"boolean"},"EnableVersioning":{"type":"boolean"},"EntityTypeName":{"type":"string"},"ExemptFromBlockDownloadOfNonViewableFiles":{"type":"boolean"},"FileSavePostProcessingEnabled":{"type":"boolean"},"ForceCheckout":{"type":"boolean"},"HasExternalDataSource":{"type":"boolean"},"Hidden":{"type":"boolean"},"Id":{"type":"string"},"ImagePath":{"type":"object","properties":{"__metadata":{"type":"object","properties":{"type":{"type":"string"}}},"DecodedUrl":{"type":"string"}}},"ImageUrl":{"type":"string"},"IrmEnabled":{"type":"boolean"},"IrmExpire":{"type":"boolean"},"IrmReject":{"type":"boolean"},"IsApplicationList":{"type":"boolean"},"IsCatalog":{"type":"boolean"},"IsPrivate":{"type":"boolean"},"ItemCount":{"type":"integer"},"LastItemDeletedDate":{"type":"string"},"LastItemModifiedDate":{"type":"string"},"LastItemUserModifiedDate":{"type":"string"},"ListExperienceOptions":{"type":"integer"},"ListItemEntityTypeFullName":{"type":"string"},"MajorVersionLimit":{"type":"integer"},"MajorWithMinorVersionsLimit":{"type":"integer"},"MultipleDataList":{"type":"boolean"},"NoCrawl":{"type":"boolean"},"ParentWebPath":{"type":"object","properties":{"__metadata":{"type":"object","properties":{"type":{"type":"string"}}},"DecodedUrl":{"type":"string"}}},"ParentWebUrl":{"type":"string"},"ParserDisabled":{"type":"boolean"},"ServerTemplateCanCreateFolders":{"type":"boolean"},"TemplateFeatureId":{"type":"string"},"Title":{"type":"string"}}}}}}},"Add_Space_Public_Field_to_Default_View":{"runAfter":{"Create_Space_Public_Field":["Succeeded"]},"metadata":{"flowSystemMetadata":{"swaggerOperationId":"HttpRequest"}},"type":"ApiConnection","inputs":{"host":{"connection":{"name":"@json(decodeBase64(triggerOutputs().headers['X-MS-APIM-Tokens']))['$connections']['shared_sharepointonline_1']['connectionId']"},"api":{"runtimeUrl":"https://europe-002.azure-apim.net/apim/sharepointonline"}},"method":"post","body":{"method":"POST","uri":"_api/web/lists/GetByTitle('@{variables('varTableName')}')/views/getbytitle('@{variables('varDefaultViewTitle')}')/ViewFields/AddViewField('Public')","headers":{"Accept":"application/json;odata=verbose","Content-Type":"application/json;odata=verbose"}},"path":"/datasets/@{encodeURIComponent(encodeURIComponent(variables('varSitePrefix')))}/httprequest","authentication":{"type":"Raw","value":"@json(decodeBase64(triggerOutputs().headers['X-MS-APIM-Tokens']))['$ConnectionKey']"}}},"Add_Space_Building_Field_to_Default_View":{"runAfter":{"Create_Dependent_Space_Building_Lookup_Field":["Succeeded"]},"metadata":{"flowSystemMetadata":{"swaggerOperationId":"HttpRequest"}},"type":"ApiConnection","inputs":{"host":{"connection":{"name":"@json(decodeBase64(triggerOutputs().headers['X-MS-APIM-Tokens']))['$connections']['shared_sharepointonline_1']['connectionId']"},"api":{"runtimeUrl":"https://europe-002.azure-apim.net/apim/sharepointonline"}},"method":"post","body":{"method":"POST","uri":"_api/web/lists/GetByTitle('@{variables('varTableName')}')/views/getbytitle('@{variables('varDefaultViewTitle')}')/ViewFields/AddViewField('Building')","headers":{"Accept":"application/json;odata=verbose","Content-Type":"application/json;odata=verbose"}},"path":"/datasets/@{encodeURIComponent(encodeURIComponent(variables('varSitePrefix')))}/httprequest","authentication":{"type":"Raw","value":"@json(decodeBase64(triggerOutputs().headers['X-MS-APIM-Tokens']))['$ConnectionKey']"}}},"Create_Dependent_Space_Building_Lookup_Field":{"runAfter":{"Parse_JSON_for_Space_Building_Lookup_Field":["Succeeded"]},"metadata":{"flowSystemMetadata":{"swaggerOperationId":"HttpRequest"}},"type":"ApiConnection","inputs":{"host":{"connection":{"name":"@json(decodeBase64(triggerOutputs().headers['X-MS-APIM-Tokens']))['$connections']['shared_sharepointonline_1']['connectionId']"},"api":{"runtimeUrl":"https://europe-002.azure-apim.net/apim/sharepointonline"}},"method":"post","body":{"method":"POST","uri":"@{variables('varFieldsUri')}/addDependentLookupField","headers":{"Accept":"application/json;odata=verbose","Content-Type":"application/json;odata=verbose"},"body":"{\n   'displayName':'Building:ID',\n   'primaryLookupFieldId': '@{body('Parse_JSON_for_Space_Building_Lookup_Field')?['d']?['Id']}',\n   'showField':'ID'\n}"},"path":"/datasets/@{encodeURIComponent(encodeURIComponent(variables('varSitePrefix')))}/httprequest","authentication":{"type":"Raw","value":"@json(decodeBase64(triggerOutputs().headers['X-MS-APIM-Tokens']))['$ConnectionKey']"}}},"Parse_JSON_for_Space_Building_Lookup_Field":{"runAfter":{"Create_Space_Building_Lookup_Field":["Succeeded"]},"type":"ParseJson","inputs":{"content":"@body('Create_Space_Building_Lookup_Field')","schema":{"type":"object","properties":{"d":{"type":"object","properties":{"__metadata":{"type":"object","properties":{"id":{"type":"string"},"uri":{"type":"string"},"type":{"type":"string"}}},"DescriptionResource":{"type":"object","properties":{"__deferred":{"type":"object","properties":{"uri":{"type":"string"}}}}},"TitleResource":{"type":"object","properties":{"__deferred":{"type":"object","properties":{"uri":{"type":"string"}}}}},"AutoIndexed":{"type":"boolean"},"CanBeDeleted":{"type":"boolean"},"ClientSideComponentId":{"type":"string"},"ClientSideComponentProperties":{},"ClientValidationFormula":{},"ClientValidationMessage":{},"CustomFormatter":{},"DefaultFormula":{},"DefaultValue":{},"Description":{"type":"string"},"Direction":{"type":"string"},"EnforceUniqueValues":{"type":"boolean"},"EntityPropertyName":{"type":"string"},"Filterable":{"type":"boolean"},"FromBaseType":{"type":"boolean"},"Group":{"type":"string"},"Hidden":{"type":"boolean"},"Id":{"type":"string"},"Indexed":{"type":"boolean"},"IndexStatus":{"type":"integer"},"InternalName":{"type":"string"},"JSLink":{"type":"string"},"PinnedToFiltersPane":{"type":"boolean"},"ReadOnlyField":{"type":"boolean"},"Required":{"type":"boolean"},"SchemaXml":{"type":"string"},"Scope":{"type":"string"},"Sealed":{"type":"boolean"},"ShowInFiltersPane":{"type":"integer"},"Sortable":{"type":"boolean"},"StaticName":{"type":"string"},"Title":{"type":"string"},"FieldTypeKind":{"type":"integer"},"TypeAsString":{"type":"string"},"TypeDisplayName":{"type":"string"},"TypeShortDescription":{"type":"string"},"ValidationFormula":{},"ValidationMessage":{},"AllowMultipleValues":{"type":"boolean"},"DependentLookupInternalNames":{"type":"object","properties":{"__metadata":{"type":"object","properties":{"type":{"type":"string"}}},"results":{"type":"array"}}},"IsDependentLookup":{"type":"boolean"},"IsRelationship":{"type":"boolean"},"LookupField":{"type":"string"},"LookupList":{"type":"string"},"LookupWebId":{"type":"string"},"PrimaryFieldId":{},"RelationshipDeleteBehavior":{"type":"integer"},"UnlimitedLengthInDocumentLibrary":{"type":"boolean"}}}}}}},"Add_Space_Site_Lookup_Field":{"runAfter":{"Parse_JSON_for_Space_Site_Lookup_Field":["Succeeded"]},"metadata":{"flowSystemMetadata":{"swaggerOperationId":"HttpRequest"}},"type":"ApiConnection","inputs":{"host":{"connection":{"name":"@json(decodeBase64(triggerOutputs().headers['X-MS-APIM-Tokens']))['$connections']['shared_sharepointonline_1']['connectionId']"},"api":{"runtimeUrl":"https://europe-002.azure-apim.net/apim/sharepointonline"}},"method":"post","body":{"method":"POST","uri":"@{variables('varFieldsUri')}/addfield","headers":{"Accept":"application/json;odata=verbose","Content-Type":"application/json;odata=verbose"},"body":"{\n'parameters':\n{\n    '__metadata': {'type':'SP.FieldCreationInformation'},\n    'FieldTypeKind': 7,\n    'Title': 'Site',\n    'LookupListId' :'@{body('Parse_JSON_for_Space_Site_Lookup_Field')?['d']?['Id']}',\n    'LookupFieldName' : 'Title'\n}\n}"},"path":"/datasets/@{encodeURIComponent(encodeURIComponent(variables('varSitePrefix')))}/httprequest","authentication":{"type":"Raw","value":"@json(decodeBase64(triggerOutputs().headers['X-MS-APIM-Tokens']))['$ConnectionKey']"}}},"Set_Space_Title_Field_Unique":{"runAfter":{"Create_Space_List":["Succeeded"]},"metadata":{"flowSystemMetadata":{"swaggerOperationId":"HttpRequest"}},"type":"ApiConnection","inputs":{"host":{"connection":{"name":"@json(decodeBase64(triggerOutputs().headers['X-MS-APIM-Tokens']))['$connections']['shared_sharepointonline_1']['connectionId']"},"api":{"runtimeUrl":"https://europe-002.azure-apim.net/apim/sharepointonline"}},"method":"post","body":{"method":"PATCH","uri":"@{variables('varFieldsUri')}/getbytitle('Title')","headers":{"Accept":"application/json;odata=verbose","Content-Type":"application/json;odata=verbose","If-Match":"*"},"body":"{\n'__metadata': {'type':'SP.FieldText' },\n'Indexed': true,\n'EnforceUniqueValues': true\n}"},"path":"/datasets/@{encodeURIComponent(encodeURIComponent(variables('varSitePrefix')))}/httprequest","authentication":{"type":"Raw","value":"@json(decodeBase64(triggerOutputs().headers['X-MS-APIM-Tokens']))['$ConnectionKey']"}}},"Add_Space_Building:ID_Field_to_Default_View":{"runAfter":{"Add_Space_Building_Field_to_Default_View":["Succeeded"]},"metadata":{"flowSystemMetadata":{"swaggerOperationId":"HttpRequest"}},"type":"ApiConnection","inputs":{"host":{"connection":{"name":"@json(decodeBase64(triggerOutputs().headers['X-MS-APIM-Tokens']))['$connections']['shared_sharepointonline_1']['connectionId']"},"api":{"runtimeUrl":"https://europe-002.azure-apim.net/apim/sharepointonline"}},"method":"post","body":{"method":"POST","uri":"_api/web/lists/GetByTitle('@{variables('varTableName')}')/views/getbytitle('@{variables('varDefaultViewTitle')}')/ViewFields/AddViewField('Building:ID')","headers":{"Accept":"application/json;odata=verbose","Content-Type":"application/json;odata=verbose"}},"path":"/datasets/@{encodeURIComponent(encodeURIComponent(variables('varSitePrefix')))}/httprequest","authentication":{"type":"Raw","value":"@json(decodeBase64(triggerOutputs().headers['X-MS-APIM-Tokens']))['$ConnectionKey']"}}},"Add_Space_Site_Field_to_Default_View":{"runAfter":{"Add_Space_Site_Lookup_Field":["Succeeded"]},"metadata":{"flowSystemMetadata":{"swaggerOperationId":"HttpRequest"}},"type":"ApiConnection","inputs":{"host":{"connection":{"name":"@json(decodeBase64(triggerOutputs().headers['X-MS-APIM-Tokens']))['$connections']['shared_sharepointonline_1']['connectionId']"},"api":{"runtimeUrl":"https://europe-002.azure-apim.net/apim/sharepointonline"}},"method":"post","body":{"method":"POST","uri":"_api/web/lists/GetByTitle('@{variables('varTableName')}')/views/getbytitle('@{variables('varDefaultViewTitle')}')/ViewFields/AddViewField('Site')","headers":{"Accept":"application/json;odata=verbose","Content-Type":"application/json;odata=verbose"}},"path":"/datasets/@{encodeURIComponent(encodeURIComponent(variables('varSitePrefix')))}/httprequest","authentication":{"type":"Raw","value":"@json(decodeBase64(triggerOutputs().headers['X-MS-APIM-Tokens']))['$ConnectionKey']"}}},"Add_Space_ID_Field_to_Default_View":{"runAfter":{"Set_Space_Title_Field_Unique":["Succeeded"]},"metadata":{"flowSystemMetadata":{"swaggerOperationId":"HttpRequest"}},"type":"ApiConnection","inputs":{"host":{"connection":{"name":"@json(decodeBase64(triggerOutputs().headers['X-MS-APIM-Tokens']))['$connections']['shared_sharepointonline_1']['connectionId']"},"api":{"runtimeUrl":"https://europe-002.azure-apim.net/apim/sharepointonline"}},"method":"post","body":{"method":"POST","uri":"_api/web/lists/GetByTitle('@{variables('varTableName')}')/views/getbytitle('@{variables('varDefaultViewTitle')}')/ViewFields/AddViewField('ID')","headers":{"Accept":"application/json;odata=verbose","Content-Type":"application/json;odata=verbose"}},"path":"/datasets/@{encodeURIComponent(encodeURIComponent(variables('varSitePrefix')))}/httprequest","authentication":{"type":"Raw","value":"@json(decodeBase64(triggerOutputs().headers['X-MS-APIM-Tokens']))['$ConnectionKey']"}}},"Add_Space_Description_Field_to_Default_View":{"runAfter":{"Create_Space_Description_Field":["Succeeded"]},"metadata":{"flowSystemMetadata":{"swaggerOperationId":"HttpRequest"}},"type":"ApiConnection","inputs":{"host":{"connection":{"name":"@json(decodeBase64(triggerOutputs().headers['X-MS-APIM-Tokens']))['$connections']['shared_sharepointonline_1']['connectionId']"},"api":{"runtimeUrl":"https://europe-002.azure-apim.net/apim/sharepointonline"}},"method":"post","body":{"method":"POST","uri":"_api/web/lists/GetByTitle('@{variables('varTableName')}')/views/getbytitle('@{variables('varDefaultViewTitle')}')/ViewFields/AddViewField('Description')","headers":{"Accept":"application/json;odata=verbose","Content-Type":"application/json;odata=verbose"}},"path":"/datasets/@{encodeURIComponent(encodeURIComponent(variables('varSitePrefix')))}/httprequest","authentication":{"type":"Raw","value":"@json(decodeBase64(triggerOutputs().headers['X-MS-APIM-Tokens']))['$ConnectionKey']"}}},"Parse_JSON_for_Space_Site_Lookup_Field":{"runAfter":{"Add_Space_Public_Field_to_Default_View":["Succeeded"]},"type":"ParseJson","inputs":{"content":"@body('Create_Site_List')","schema":{"type":"object","properties":{"d":{"type":"object","properties":{"__metadata":{"type":"object","properties":{"id":{"type":"string"},"uri":{"type":"string"},"type":{"type":"string"}}},"DescriptionResource":{"type":"object","properties":{"__deferred":{"type":"object","properties":{"uri":{"type":"string"}}}}},"TitleResource":{"type":"object","properties":{"__deferred":{"type":"object","properties":{"uri":{"type":"string"}}}}},"AutoIndexed":{"type":"boolean"},"CanBeDeleted":{"type":"boolean"},"ClientSideComponentId":{"type":"string"},"ClientSideComponentProperties":{},"ClientValidationFormula":{},"ClientValidationMessage":{},"CustomFormatter":{},"DefaultFormula":{},"DefaultValue":{},"Description":{"type":"string"},"Direction":{"type":"string"},"EnforceUniqueValues":{"type":"boolean"},"EntityPropertyName":{"type":"string"},"Filterable":{"type":"boolean"},"FromBaseType":{"type":"boolean"},"Group":{"type":"string"},"Hidden":{"type":"boolean"},"Id":{"type":"string"},"Indexed":{"type":"boolean"},"IndexStatus":{"type":"integer"},"InternalName":{"type":"string"},"JSLink":{"type":"string"},"PinnedToFiltersPane":{"type":"boolean"},"ReadOnlyField":{"type":"boolean"},"Required":{"type":"boolean"},"SchemaXml":{"type":"string"},"Scope":{"type":"string"},"Sealed":{"type":"boolean"},"ShowInFiltersPane":{"type":"integer"},"Sortable":{"type":"boolean"},"StaticName":{"type":"string"},"Title":{"type":"string"},"FieldTypeKind":{"type":"integer"},"TypeAsString":{"type":"string"},"TypeDisplayName":{"type":"string"},"TypeShortDescription":{"type":"string"},"ValidationFormula":{},"ValidationMessage":{},"AllowMultipleValues":{"type":"boolean"},"DependentLookupInternalNames":{"type":"object","properties":{"__metadata":{"type":"object","properties":{"type":{"type":"string"}}},"results":{"type":"array"}}},"IsDependentLookup":{"type":"boolean"},"IsRelationship":{"type":"boolean"},"LookupField":{"type":"string"},"LookupList":{"type":"string"},"LookupWebId":{"type":"string"},"PrimaryFieldId":{},"RelationshipDeleteBehavior":{"type":"integer"},"UnlimitedLengthInDocumentLibrary":{"type":"boolean"}}}}}}}},"runAfter":{"Scope_-_Building_List":["Succeeded"]},"type":"Scope"},"Scope_-_Shift_List":{"actions":{"Set_varTableName_to_Shift":{"runAfter":{},"type":"SetVariable","inputs":{"name":"varTableName","value":"@{variables('varTablePrefix')}shift"}},"Set_varFieldsUri_to_Shift":{"runAfter":{"Set_varTableName_to_Shift":["Succeeded"]},"type":"SetVariable","inputs":{"name":"varFieldsUri","value":"_api/lists/getbytitle('@{variables('varTableName')}')/fields"}},"Create_Shift_List":{"runAfter":{"Set_varFieldsUri_to_Shift":["Succeeded"]},"metadata":{"flowSystemMetadata":{"swaggerOperationId":"HttpRequest"}},"type":"ApiConnection","inputs":{"host":{"connection":{"name":"@json(decodeBase64(triggerOutputs().headers['X-MS-APIM-Tokens']))['$connections']['shared_sharepointonline_1']['connectionId']"},"api":{"runtimeUrl":"https://europe-002.azure-apim.net/apim/sharepointonline"}},"method":"post","body":{"method":"POST","uri":"/_api/web/lists","headers":{"Accept":"application/json;odata=verbose","Content-Type":"application/json;odata=verbose"},"body":"{\n  \"__metadata\": {\"type\": \"SP.List\"},\n  \"AllowContentTypes\": true,\n  \"BaseTemplate\": 100,\n \"Description\": \"List for the management of all shifts for @{variables('varAppName')}.\",\n \"Title\": \"@{variables('varTableName')}\"\n}"},"path":"/datasets/@{encodeURIComponent(encodeURIComponent(variables('varSitePrefix')))}/httprequest","authentication":{"type":"Raw","value":"@json(decodeBase64(triggerOutputs().headers['X-MS-APIM-Tokens']))['$ConnectionKey']"}}},"Create_Shift_From_Field":{"runAfter":{"Create_Shift_List":["Succeeded"]},"metadata":{"flowSystemMetadata":{"swaggerOperationId":"HttpRequest"}},"type":"ApiConnection","inputs":{"host":{"connection":{"name":"@json(decodeBase64(triggerOutputs().headers['X-MS-APIM-Tokens']))['$connections']['shared_sharepointonline_1']['connectionId']"},"api":{"runtimeUrl":"https://europe-002.azure-apim.net/apim/sharepointonline"}},"method":"post","body":{"method":"POST","uri":"@variables('varFieldsUri')","headers":{"Accept":"application/json;odata=verbose","Content-Type":"application/json;odata=verbose"},"body":"{\n    '__metadata': {'type':'SP.FieldText', 'addToDefaultView': 'true' },\n    'FieldTypeKind': 2,\n    'Title': 'From'\n}"},"path":"/datasets/@{encodeURIComponent(encodeURIComponent(variables('varSitePrefix')))}/httprequest","authentication":{"type":"Raw","value":"@json(decodeBase64(triggerOutputs().headers['X-MS-APIM-Tokens']))['$ConnectionKey']"}}},"Create_Shift_To_Field":{"runAfter":{"Add_Shift_From_Field_to_Default_View":["Succeeded"]},"metadata":{"flowSystemMetadata":{"swaggerOperationId":"HttpRequest"}},"type":"ApiConnection","inputs":{"host":{"connection":{"name":"@json(decodeBase64(triggerOutputs().headers['X-MS-APIM-Tokens']))['$connections']['shared_sharepointonline_1']['connectionId']"},"api":{"runtimeUrl":"https://europe-002.azure-apim.net/apim/sharepointonline"}},"method":"post","body":{"method":"POST","uri":"@variables('varFieldsUri')","headers":{"Accept":"application/json;odata=verbose","Content-Type":"application/json;odata=verbose"},"body":"{\n    '__metadata': {'type':'SP.FieldText', 'addToDefaultView': 'true' },\n    'FieldTypeKind': 2,\n    'Title': 'To'\n}"},"path":"/datasets/@{encodeURIComponent(encodeURIComponent(variables('varSitePrefix')))}/httprequest","authentication":{"type":"Raw","value":"@json(decodeBase64(triggerOutputs().headers['X-MS-APIM-Tokens']))['$ConnectionKey']"}}},"Add_Shift_From_Field_to_Default_View":{"runAfter":{"Create_Shift_From_Field":["Succeeded"]},"metadata":{"flowSystemMetadata":{"swaggerOperationId":"HttpRequest"}},"type":"ApiConnection","inputs":{"host":{"connection":{"name":"@json(decodeBase64(triggerOutputs().headers['X-MS-APIM-Tokens']))['$connections']['shared_sharepointonline_1']['connectionId']"},"api":{"runtimeUrl":"https://europe-002.azure-apim.net/apim/sharepointonline"}},"method":"post","body":{"method":"POST","uri":"_api/web/lists/GetByTitle('@{variables('varTableName')}')/views/getbytitle('@{variables('varDefaultViewTitle')}')/ViewFields/AddViewField('From')","headers":{"Accept":"application/json;odata=verbose","Content-Type":"application/json;odata=verbose"}},"path":"/datasets/@{encodeURIComponent(encodeURIComponent(variables('varSitePrefix')))}/httprequest","authentication":{"type":"Raw","value":"@json(decodeBase64(triggerOutputs().headers['X-MS-APIM-Tokens']))['$ConnectionKey']"}}},"Add_Shift_To_Field_to_Default_View":{"runAfter":{"Create_Shift_To_Field":["Succeeded"]},"metadata":{"flowSystemMetadata":{"swaggerOperationId":"HttpRequest"}},"type":"ApiConnection","inputs":{"host":{"connection":{"name":"@json(decodeBase64(triggerOutputs().headers['X-MS-APIM-Tokens']))['$connections']['shared_sharepointonline_1']['connectionId']"},"api":{"runtimeUrl":"https://europe-002.azure-apim.net/apim/sharepointonline"}},"method":"post","body":{"method":"POST","uri":"_api/web/lists/GetByTitle('@{variables('varTableName')}')/views/getbytitle('@{variables('varDefaultViewTitle')}')/ViewFields/AddViewField('To')","headers":{"Accept":"application/json;odata=verbose","Content-Type":"application/json;odata=verbose"}},"path":"/datasets/@{encodeURIComponent(encodeURIComponent(variables('varSitePrefix')))}/httprequest","authentication":{"type":"Raw","value":"@json(decodeBase64(triggerOutputs().headers['X-MS-APIM-Tokens']))['$ConnectionKey']"}}}},"runAfter":{"Scope_-_Space_List":["Succeeded"]},"type":"Scope"},"Scope_-_Reservation_List":{"actions":{"Set_varTableName_to_Reservation":{"runAfter":{},"type":"SetVariable","inputs":{"name":"varTableName","value":"@{variables('varTablePrefix')}reservation"}},"Set_varFieldsUri_for_Reservation":{"runAfter":{"Set_varTableName_to_Reservation":["Succeeded"]},"type":"SetVariable","inputs":{"name":"varFieldsUri","value":"_api/lists/getbytitle('@{variables('varTableName')}')/fields"}},"Create_Reservation_List":{"runAfter":{"Set_varFieldsUri_for_Reservation":["Succeeded"]},"metadata":{"flowSystemMetadata":{"swaggerOperationId":"HttpRequest"}},"type":"ApiConnection","inputs":{"host":{"connection":{"name":"@json(decodeBase64(triggerOutputs().headers['X-MS-APIM-Tokens']))['$connections']['shared_sharepointonline_1']['connectionId']"},"api":{"runtimeUrl":"https://europe-002.azure-apim.net/apim/sharepointonline"}},"method":"post","body":{"method":"POST","uri":"_api/web/lists","headers":{"Accept":"application/json;odata=verbose","Content-Type":"application/json;odata=verbose"},"body":"{\n  \"__metadata\": {\"type\": \"SP.List\"},\n  \"AllowContentTypes\": true,\n  \"BaseTemplate\": 100,\n \"Description\": \"List for the management of all reservations for @{variables('varAppName')}.\",\n \"Title\": \"@{variables('varTableName')}\"\n}"},"path":"/datasets/@{encodeURIComponent(encodeURIComponent(variables('varSitePrefix')))}/httprequest","authentication":{"type":"Raw","value":"@json(decodeBase64(triggerOutputs().headers['X-MS-APIM-Tokens']))['$ConnectionKey']"}}},"Create_Reservation_Space_Field":{"runAfter":{"Parse_JSON_for_Space_List":["Succeeded"]},"metadata":{"flowSystemMetadata":{"swaggerOperationId":"HttpRequest"}},"type":"ApiConnection","inputs":{"host":{"connection":{"name":"@json(decodeBase64(triggerOutputs().headers['X-MS-APIM-Tokens']))['$connections']['shared_sharepointonline_1']['connectionId']"},"api":{"runtimeUrl":"https://europe-002.azure-apim.net/apim/sharepointonline"}},"method":"post","body":{"method":"POST","uri":"@{variables('varFieldsUri')}/addfield","headers":{"Accept":"application/json;odata=verbose","Content-Type":"application/json;odata=verbose"},"body":"{\n'parameters':\n{\n    '__metadata': {'type':'SP.FieldCreationInformation'},\n    'FieldTypeKind': 7,\n    'Title': 'Space',\n    'LookupListId' :'@{body('Parse_JSON_for_Space_List')?['d']?['Id']}',\n    'LookupFieldName' : 'Title'\n}\n}"},"path":"/datasets/@{encodeURIComponent(encodeURIComponent(variables('varSitePrefix')))}/httprequest","authentication":{"type":"Raw","value":"@json(decodeBase64(triggerOutputs().headers['X-MS-APIM-Tokens']))['$ConnectionKey']"}}},"Create_Reservation_Day_Field":{"runAfter":{"Create_Reservation_Space:ID_Field":["Succeeded"]},"metadata":{"flowSystemMetadata":{"swaggerOperationId":"HttpRequest"}},"type":"ApiConnection","inputs":{"host":{"connection":{"name":"@json(decodeBase64(triggerOutputs().headers['X-MS-APIM-Tokens']))['$connections']['shared_sharepointonline_1']['connectionId']"},"api":{"runtimeUrl":"https://europe-002.azure-apim.net/apim/sharepointonline"}},"method":"post","body":{"method":"POST","uri":"@variables('varFieldsUri')","headers":{"Accept":"application/json;odata=verbose","Content-Type":"application/json;odata=verbose"},"body":"{\n    '__metadata': {'type':'SP.FieldDateTime', 'addToDefaultView': 'true' },\n    'FieldTypeKind': 4,\n    'Title': 'Day',\n     'DisplayFormat': 0\n}"},"path":"/datasets/@{encodeURIComponent(encodeURIComponent(variables('varSitePrefix')))}/httprequest","authentication":{"type":"Raw","value":"@json(decodeBase64(triggerOutputs().headers['X-MS-APIM-Tokens']))['$ConnectionKey']"}}},"Create_Reservation_Shift_Field":{"runAfter":{"Parse_JSON_for_Shift_List":["Succeeded"]},"metadata":{"flowSystemMetadata":{"swaggerOperationId":"HttpRequest"}},"type":"ApiConnection","inputs":{"host":{"connection":{"name":"@json(decodeBase64(triggerOutputs().headers['X-MS-APIM-Tokens']))['$connections']['shared_sharepointonline_1']['connectionId']"},"api":{"runtimeUrl":"https://europe-002.azure-apim.net/apim/sharepointonline"}},"method":"post","body":{"method":"POST","uri":"@{variables('varFieldsUri')}/addfield","headers":{"Accept":"application/json;odata=verbose","Content-Type":"application/json;odata=verbose"},"body":"{\n'parameters':\n{\n    '__metadata': {'type':'SP.FieldCreationInformation'},\n    'FieldTypeKind': 7,\n    'Title': 'Shift',\n    'LookupListId' :'@{body('Parse_JSON_for_Shift_List')?['d']?['Id']}',\n    'LookupFieldName' : 'Title'\n}\n}"},"path":"/datasets/@{encodeURIComponent(encodeURIComponent(variables('varSitePrefix')))}/httprequest","authentication":{"type":"Raw","value":"@json(decodeBase64(triggerOutputs().headers['X-MS-APIM-Tokens']))['$ConnectionKey']"}}},"Parse_JSON_for_Space_List":{"runAfter":{"Add_Reservation_Author_Field_to_Default_View":["Succeeded"]},"type":"ParseJson","inputs":{"content":"@body('Create_Space_List')","schema":{"type":"object","properties":{"d":{"type":"object","properties":{"__metadata":{"type":"object","properties":{"id":{"type":"string"},"uri":{"type":"string"},"etag":{"type":"string"},"type":{"type":"string"}}},"FirstUniqueAncestorSecurableObject":{"type":"object","properties":{"__deferred":{"type":"object","properties":{"uri":{"type":"string"}}}}},"RoleAssignments":{"type":"object","properties":{"__deferred":{"type":"object","properties":{"uri":{"type":"string"}}}}},"Author":{"type":"object","properties":{"__deferred":{"type":"object","properties":{"uri":{"type":"string"}}}}},"ContentTypes":{"type":"object","properties":{"__deferred":{"type":"object","properties":{"uri":{"type":"string"}}}}},"CreatablesInfo":{"type":"object","properties":{"__deferred":{"type":"object","properties":{"uri":{"type":"string"}}}}},"DefaultView":{"type":"object","properties":{"__deferred":{"type":"object","properties":{"uri":{"type":"string"}}}}},"DescriptionResource":{"type":"object","properties":{"__deferred":{"type":"object","properties":{"uri":{"type":"string"}}}}},"EventReceivers":{"type":"object","properties":{"__deferred":{"type":"object","properties":{"uri":{"type":"string"}}}}},"Fields":{"type":"object","properties":{"__deferred":{"type":"object","properties":{"uri":{"type":"string"}}}}},"Forms":{"type":"object","properties":{"__deferred":{"type":"object","properties":{"uri":{"type":"string"}}}}},"InformationRightsManagementSettings":{"type":"object","properties":{"__deferred":{"type":"object","properties":{"uri":{"type":"string"}}}}},"Items":{"type":"object","properties":{"__deferred":{"type":"object","properties":{"uri":{"type":"string"}}}}},"ParentWeb":{"type":"object","properties":{"__deferred":{"type":"object","properties":{"uri":{"type":"string"}}}}},"RootFolder":{"type":"object","properties":{"__deferred":{"type":"object","properties":{"uri":{"type":"string"}}}}},"Subscriptions":{"type":"object","properties":{"__deferred":{"type":"object","properties":{"uri":{"type":"string"}}}}},"TitleResource":{"type":"object","properties":{"__deferred":{"type":"object","properties":{"uri":{"type":"string"}}}}},"UserCustomActions":{"type":"object","properties":{"__deferred":{"type":"object","properties":{"uri":{"type":"string"}}}}},"Views":{"type":"object","properties":{"__deferred":{"type":"object","properties":{"uri":{"type":"string"}}}}},"WorkflowAssociations":{"type":"object","properties":{"__deferred":{"type":"object","properties":{"uri":{"type":"string"}}}}},"AllowContentTypes":{"type":"boolean"},"BaseTemplate":{"type":"integer"},"BaseType":{"type":"integer"},"ContentTypesEnabled":{"type":"boolean"},"CrawlNonDefaultViews":{"type":"boolean"},"Created":{"type":"string"},"CurrentChangeToken":{"type":"object","properties":{"__metadata":{"type":"object","properties":{"type":{"type":"string"}}},"StringValue":{"type":"string"}}},"DefaultContentApprovalWorkflowId":{"type":"string"},"DefaultItemOpenUseListSetting":{"type":"boolean"},"Description":{"type":"string"},"Direction":{"type":"string"},"DisableGridEditing":{"type":"boolean"},"DocumentTemplateUrl":{},"DraftVersionVisibility":{"type":"integer"},"EnableAttachments":{"type":"boolean"},"EnableFolderCreation":{"type":"boolean"},"EnableMinorVersions":{"type":"boolean"},"EnableModeration":{"type":"boolean"},"EnableRequestSignOff":{"type":"boolean"},"EnableVersioning":{"type":"boolean"},"EntityTypeName":{"type":"string"},"ExemptFromBlockDownloadOfNonViewableFiles":{"type":"boolean"},"FileSavePostProcessingEnabled":{"type":"boolean"},"ForceCheckout":{"type":"boolean"},"HasExternalDataSource":{"type":"boolean"},"Hidden":{"type":"boolean"},"Id":{"type":"string"},"ImagePath":{"type":"object","properties":{"__metadata":{"type":"object","properties":{"type":{"type":"string"}}},"DecodedUrl":{"type":"string"}}},"ImageUrl":{"type":"string"},"IrmEnabled":{"type":"boolean"},"IrmExpire":{"type":"boolean"},"IrmReject":{"type":"boolean"},"IsApplicationList":{"type":"boolean"},"IsCatalog":{"type":"boolean"},"IsPrivate":{"type":"boolean"},"ItemCount":{"type":"integer"},"LastItemDeletedDate":{"type":"string"},"LastItemModifiedDate":{"type":"string"},"LastItemUserModifiedDate":{"type":"string"},"ListExperienceOptions":{"type":"integer"},"ListItemEntityTypeFullName":{"type":"string"},"MajorVersionLimit":{"type":"integer"},"MajorWithMinorVersionsLimit":{"type":"integer"},"MultipleDataList":{"type":"boolean"},"NoCrawl":{"type":"boolean"},"ParentWebPath":{"type":"object","properties":{"__metadata":{"type":"object","properties":{"type":{"type":"string"}}},"DecodedUrl":{"type":"string"}}},"ParentWebUrl":{"type":"string"},"ParserDisabled":{"type":"boolean"},"ServerTemplateCanCreateFolders":{"type":"boolean"},"TemplateFeatureId":{"type":"string"},"Title":{"type":"string"}}}}}}},"Parse_JSON_for_Shift_List":{"runAfter":{"Add_Reservation_Day_To_Default_View":["Succeeded"]},"type":"ParseJson","inputs":{"content":"@body('Create_Shift_List')","schema":{"type":"object","properties":{"d":{"type":"object","properties":{"__metadata":{"type":"object","properties":{"id":{"type":"string"},"uri":{"type":"string"},"etag":{"type":"string"},"type":{"type":"string"}}},"FirstUniqueAncestorSecurableObject":{"type":"object","properties":{"__deferred":{"type":"object","properties":{"uri":{"type":"string"}}}}},"RoleAssignments":{"type":"object","properties":{"__deferred":{"type":"object","properties":{"uri":{"type":"string"}}}}},"Author":{"type":"object","properties":{"__deferred":{"type":"object","properties":{"uri":{"type":"string"}}}}},"ContentTypes":{"type":"object","properties":{"__deferred":{"type":"object","properties":{"uri":{"type":"string"}}}}},"CreatablesInfo":{"type":"object","properties":{"__deferred":{"type":"object","properties":{"uri":{"type":"string"}}}}},"DefaultView":{"type":"object","properties":{"__deferred":{"type":"object","properties":{"uri":{"type":"string"}}}}},"DescriptionResource":{"type":"object","properties":{"__deferred":{"type":"object","properties":{"uri":{"type":"string"}}}}},"EventReceivers":{"type":"object","properties":{"__deferred":{"type":"object","properties":{"uri":{"type":"string"}}}}},"Fields":{"type":"object","properties":{"__deferred":{"type":"object","properties":{"uri":{"type":"string"}}}}},"Forms":{"type":"object","properties":{"__deferred":{"type":"object","properties":{"uri":{"type":"string"}}}}},"InformationRightsManagementSettings":{"type":"object","properties":{"__deferred":{"type":"object","properties":{"uri":{"type":"string"}}}}},"Items":{"type":"object","properties":{"__deferred":{"type":"object","properties":{"uri":{"type":"string"}}}}},"ParentWeb":{"type":"object","properties":{"__deferred":{"type":"object","properties":{"uri":{"type":"string"}}}}},"RootFolder":{"type":"object","properties":{"__deferred":{"type":"object","properties":{"uri":{"type":"string"}}}}},"Subscriptions":{"type":"object","properties":{"__deferred":{"type":"object","properties":{"uri":{"type":"string"}}}}},"TitleResource":{"type":"object","properties":{"__deferred":{"type":"object","properties":{"uri":{"type":"string"}}}}},"UserCustomActions":{"type":"object","properties":{"__deferred":{"type":"object","properties":{"uri":{"type":"string"}}}}},"Views":{"type":"object","properties":{"__deferred":{"type":"object","properties":{"uri":{"type":"string"}}}}},"WorkflowAssociations":{"type":"object","properties":{"__deferred":{"type":"object","properties":{"uri":{"type":"string"}}}}},"AllowContentTypes":{"type":"boolean"},"BaseTemplate":{"type":"integer"},"BaseType":{"type":"integer"},"ContentTypesEnabled":{"type":"boolean"},"CrawlNonDefaultViews":{"type":"boolean"},"Created":{"type":"string"},"CurrentChangeToken":{"type":"object","properties":{"__metadata":{"type":"object","properties":{"type":{"type":"string"}}},"StringValue":{"type":"string"}}},"DefaultContentApprovalWorkflowId":{"type":"string"},"DefaultItemOpenUseListSetting":{"type":"boolean"},"Description":{"type":"string"},"Direction":{"type":"string"},"DisableGridEditing":{"type":"boolean"},"DocumentTemplateUrl":{},"DraftVersionVisibility":{"type":"integer"},"EnableAttachments":{"type":"boolean"},"EnableFolderCreation":{"type":"boolean"},"EnableMinorVersions":{"type":"boolean"},"EnableModeration":{"type":"boolean"},"EnableRequestSignOff":{"type":"boolean"},"EnableVersioning":{"type":"boolean"},"EntityTypeName":{"type":"string"},"ExemptFromBlockDownloadOfNonViewableFiles":{"type":"boolean"},"FileSavePostProcessingEnabled":{"type":"boolean"},"ForceCheckout":{"type":"boolean"},"HasExternalDataSource":{"type":"boolean"},"Hidden":{"type":"boolean"},"Id":{"type":"string"},"ImagePath":{"type":"object","properties":{"__metadata":{"type":"object","properties":{"type":{"type":"string"}}},"DecodedUrl":{"type":"string"}}},"ImageUrl":{"type":"string"},"IrmEnabled":{"type":"boolean"},"IrmExpire":{"type":"boolean"},"IrmReject":{"type":"boolean"},"IsApplicationList":{"type":"boolean"},"IsCatalog":{"type":"boolean"},"IsPrivate":{"type":"boolean"},"ItemCount":{"type":"integer"},"LastItemDeletedDate":{"type":"string"},"LastItemModifiedDate":{"type":"string"},"LastItemUserModifiedDate":{"type":"string"},"ListExperienceOptions":{"type":"integer"},"ListItemEntityTypeFullName":{"type":"string"},"MajorVersionLimit":{"type":"integer"},"MajorWithMinorVersionsLimit":{"type":"integer"},"MultipleDataList":{"type":"boolean"},"NoCrawl":{"type":"boolean"},"ParentWebPath":{"type":"object","properties":{"__metadata":{"type":"object","properties":{"type":{"type":"string"}}},"DecodedUrl":{"type":"string"}}},"ParentWebUrl":{"type":"string"},"ParserDisabled":{"type":"boolean"},"ServerTemplateCanCreateFolders":{"type":"boolean"},"TemplateFeatureId":{"type":"string"},"Title":{"type":"string"}}}}}}},"Add_Reservation_Day_To_Default_View":{"runAfter":{"Create_Reservation_Day_Field":["Succeeded"]},"metadata":{"flowSystemMetadata":{"swaggerOperationId":"HttpRequest"}},"type":"ApiConnection","inputs":{"host":{"connection":{"name":"@json(decodeBase64(triggerOutputs().headers['X-MS-APIM-Tokens']))['$connections']['shared_sharepointonline_1']['connectionId']"},"api":{"runtimeUrl":"https://europe-002.azure-apim.net/apim/sharepointonline"}},"method":"post","body":{"method":"POST","uri":"_api/web/lists/GetByTitle('@{variables('varTableName')}')/views/getbytitle('@{variables('varDefaultViewTitle')}')/ViewFields/AddViewField('Day')","headers":{"Accept":"application/json;odata=verbose","Content-Type":"application/json;odata=verbose"}},"path":"/datasets/@{encodeURIComponent(encodeURIComponent(variables('varSitePrefix')))}/httprequest","authentication":{"type":"Raw","value":"@json(decodeBase64(triggerOutputs().headers['X-MS-APIM-Tokens']))['$ConnectionKey']"}}},"Create_Reservation_Space:ID_Field":{"runAfter":{"Add_Reservation_Space_Field_to_Default_View":["Succeeded"]},"metadata":{"flowSystemMetadata":{"swaggerOperationId":"HttpRequest"}},"type":"ApiConnection","inputs":{"host":{"connection":{"name":"@json(decodeBase64(triggerOutputs().headers['X-MS-APIM-Tokens']))['$connections']['shared_sharepointonline_1']['connectionId']"},"api":{"runtimeUrl":"https://europe-002.azure-apim.net/apim/sharepointonline"}},"method":"post","body":{"method":"POST","uri":"@{variables('varFieldsUri')}/addDependentLookupField","headers":{"Accept":"application/json;odata=verbose","Content-Type":"application/json;odata=verbose"},"body":"{\n   'displayName':'Space:ID',\n   'primaryLookupFieldId': '@{body('Create_Reservation_Space_Field')['d']['Id']}',\n   'showField':'ID'\n}"},"path":"/datasets/@{encodeURIComponent(encodeURIComponent(variables('varSitePrefix')))}/httprequest","authentication":{"type":"Raw","value":"@json(decodeBase64(triggerOutputs().headers['X-MS-APIM-Tokens']))['$ConnectionKey']"}}},"Add_Reservation_Space_Field_to_Default_View":{"runAfter":{"Create_Reservation_Space_Field":["Succeeded"]},"metadata":{"flowSystemMetadata":{"swaggerOperationId":"HttpRequest"}},"type":"ApiConnection","inputs":{"host":{"connection":{"name":"@json(decodeBase64(triggerOutputs().headers['X-MS-APIM-Tokens']))['$connections']['shared_sharepointonline_1']['connectionId']"},"api":{"runtimeUrl":"https://europe-002.azure-apim.net/apim/sharepointonline"}},"method":"post","body":{"method":"POST","uri":"_api/web/lists/GetByTitle('@{variables('varTableName')}')/views/getbytitle('@{variables('varDefaultViewTitle')}')/ViewFields/AddViewField('Space')","headers":{"Accept":"application/json;odata=verbose","Content-Type":"application/json;odata=verbose"}},"path":"/datasets/@{encodeURIComponent(encodeURIComponent(variables('varSitePrefix')))}/httprequest","authentication":{"type":"Raw","value":"@json(decodeBase64(triggerOutputs().headers['X-MS-APIM-Tokens']))['$ConnectionKey']"}}},"Add_Reservation_Shift:ID_Dependent_Lookup":{"runAfter":{"Add_Reservation_Shift_to_Default_View":["Succeeded"]},"metadata":{"flowSystemMetadata":{"swaggerOperationId":"HttpRequest"}},"type":"ApiConnection","inputs":{"host":{"connection":{"name":"@json(decodeBase64(triggerOutputs().headers['X-MS-APIM-Tokens']))['$connections']['shared_sharepointonline_1']['connectionId']"},"api":{"runtimeUrl":"https://europe-002.azure-apim.net/apim/sharepointonline"}},"method":"post","body":{"method":"POST","uri":"@{variables('varFieldsUri')}/addDependentLookupField","headers":{"Accept":"application/json;odata=verbose","Content-Type":"application/json;odata=verbose"},"body":"{\n   'displayName':'Shift:ID',\n   'primaryLookupFieldId': '@{body('Create_Reservation_Shift_Field')['d']['Id']}',\n   'showField':'ID'\n}"},"path":"/datasets/@{encodeURIComponent(encodeURIComponent(variables('varSitePrefix')))}/httprequest","authentication":{"type":"Raw","value":"@json(decodeBase64(triggerOutputs().headers['X-MS-APIM-Tokens']))['$ConnectionKey']"}}},"Add_Reservation_Shift_to_Default_View":{"runAfter":{"Create_Reservation_Shift_Field":["Succeeded"]},"metadata":{"flowSystemMetadata":{"swaggerOperationId":"HttpRequest"}},"type":"ApiConnection","inputs":{"host":{"connection":{"name":"@json(decodeBase64(triggerOutputs().headers['X-MS-APIM-Tokens']))['$connections']['shared_sharepointonline_1']['connectionId']"},"api":{"runtimeUrl":"https://europe-002.azure-apim.net/apim/sharepointonline"}},"method":"post","body":{"method":"POST","uri":"_api/web/lists/GetByTitle('@{variables('varTableName')}')/views/getbytitle('@{variables('varDefaultViewTitle')}')/ViewFields/AddViewField('Shift')","headers":{"Accept":"application/json;odata=verbose","Content-Type":"application/json;odata=verbose"}},"path":"/datasets/@{encodeURIComponent(encodeURIComponent(variables('varSitePrefix')))}/httprequest","authentication":{"type":"Raw","value":"@json(decodeBase64(triggerOutputs().headers['X-MS-APIM-Tokens']))['$ConnectionKey']"}}},"Add_Reservation_Building_Lookup_Field":{"runAfter":{"Add_Reservation_Shift:ID_Dependent_Lookup":["Succeeded"]},"metadata":{"flowSystemMetadata":{"swaggerOperationId":"HttpRequest"}},"type":"ApiConnection","inputs":{"host":{"connection":{"name":"@json(decodeBase64(triggerOutputs().headers['X-MS-APIM-Tokens']))['$connections']['shared_sharepointonline_1']['connectionId']"},"api":{"runtimeUrl":"https://europe-002.azure-apim.net/apim/sharepointonline"}},"method":"post","body":{"method":"POST","uri":"@{variables('varFieldsUri')}/addfield","headers":{"Accept":"application/json;odata=verbose","Content-Type":"application/json;odata=verbose"},"body":"{\n'parameters':\n{\n    '__metadata': {'type':'SP.FieldCreationInformation'},\n    'FieldTypeKind': 7,\n    'Title': 'Building',\n    'LookupListId' :'@{body('Parse_JSON_for_Building_List')?['d']?['Id']}',\n    'LookupFieldName' : 'Title'\n}\n}"},"path":"/datasets/@{encodeURIComponent(encodeURIComponent(variables('varSitePrefix')))}/httprequest","authentication":{"type":"Raw","value":"@json(decodeBase64(triggerOutputs().headers['X-MS-APIM-Tokens']))['$ConnectionKey']"}}},"Add_Reservation_Building_to_Default_View":{"runAfter":{"Add_Reservation_Building_Lookup_Field":["Succeeded"]},"metadata":{"flowSystemMetadata":{"swaggerOperationId":"HttpRequest"}},"type":"ApiConnection","inputs":{"host":{"connection":{"name":"@json(decodeBase64(triggerOutputs().headers['X-MS-APIM-Tokens']))['$connections']['shared_sharepointonline_1']['connectionId']"},"api":{"runtimeUrl":"https://europe-002.azure-apim.net/apim/sharepointonline"}},"method":"post","body":{"method":"POST","uri":"_api/web/lists/GetByTitle('@{variables('varTableName')}')/views/getbytitle('@{variables('varDefaultViewTitle')}')/ViewFields/AddViewField('Building')","headers":{"Accept":"application/json;odata=verbose","Content-Type":"application/json;odata=verbose"}},"path":"/datasets/@{encodeURIComponent(encodeURIComponent(variables('varSitePrefix')))}/httprequest","authentication":{"type":"Raw","value":"@json(decodeBase64(triggerOutputs().headers['X-MS-APIM-Tokens']))['$ConnectionKey']"}}},"Set_Reservation_Title_to_unrequired":{"runAfter":{"Create_Reservation_List":["Succeeded"]},"metadata":{"flowSystemMetadata":{"swaggerOperationId":"HttpRequest"}},"type":"ApiConnection","inputs":{"host":{"connection":{"name":"@json(decodeBase64(triggerOutputs().headers['X-MS-APIM-Tokens']))['$connections']['shared_sharepointonline_1']['connectionId']"},"api":{"runtimeUrl":"https://europe-002.azure-apim.net/apim/sharepointonline"}},"method":"post","body":{"method":"PATCH","uri":"@{variables('varFieldsUri')}/getbytitle('Title')","headers":{"Accept":"application/json;odata=verbose","Content-Type":"application/json;odata=verbose","If-Match":"*"},"body":"{\n    '__metadata': {'type':'SP.FieldText' },\n    'Required': false\n}"},"path":"/datasets/@{encodeURIComponent(encodeURIComponent(variables('varSitePrefix')))}/httprequest","authentication":{"type":"Raw","value":"@json(decodeBase64(triggerOutputs().headers['X-MS-APIM-Tokens']))['$ConnectionKey']"}}},"Add_Reservation_ID_Field_to_Default_View":{"runAfter":{"Set_Reservation_Title_to_unrequired":["Succeeded"]},"metadata":{"flowSystemMetadata":{"swaggerOperationId":"HttpRequest"}},"type":"ApiConnection","inputs":{"host":{"connection":{"name":"@json(decodeBase64(triggerOutputs().headers['X-MS-APIM-Tokens']))['$connections']['shared_sharepointonline_1']['connectionId']"},"api":{"runtimeUrl":"https://europe-002.azure-apim.net/apim/sharepointonline"}},"method":"post","body":{"method":"POST","uri":"_api/web/lists/GetByTitle('@{variables('varTableName')}')/views/getbytitle('@{variables('varDefaultViewTitle')}')/ViewFields/AddViewField('ID')","headers":{"Accept":"application/json;odata=verbose","Content-Type":"application/json;odata=verbose"}},"path":"/datasets/@{encodeURIComponent(encodeURIComponent(variables('varSitePrefix')))}/httprequest","authentication":{"type":"Raw","value":"@json(decodeBase64(triggerOutputs().headers['X-MS-APIM-Tokens']))['$ConnectionKey']"}}},"Add_Reservation_Author_Field_to_Default_View":{"runAfter":{"Add_Reservation_ID_Field_to_Default_View":["Succeeded"]},"metadata":{"flowSystemMetadata":{"swaggerOperationId":"HttpRequest"}},"type":"ApiConnection","inputs":{"host":{"connection":{"name":"@json(decodeBase64(triggerOutputs().headers['X-MS-APIM-Tokens']))['$connections']['shared_sharepointonline_1']['connectionId']"},"api":{"runtimeUrl":"https://europe-002.azure-apim.net/apim/sharepointonline"}},"method":"post","body":{"method":"POST","uri":"_api/web/lists/GetByTitle('@{variables('varTableName')}')/views/getbytitle('@{variables('varDefaultViewTitle')}')/ViewFields/AddViewField('Author')","headers":{"Accept":"application/json;odata=verbose","Content-Type":"application/json;odata=verbose"}},"path":"/datasets/@{encodeURIComponent(encodeURIComponent(variables('varSitePrefix')))}/httprequest","authentication":{"type":"Raw","value":"@json(decodeBase64(triggerOutputs().headers['X-MS-APIM-Tokens']))['$ConnectionKey']"}}}},"runAfter":{"Scope_-_Shift_List":["Succeeded"]},"type":"Scope"},"Scope_-_LocationTrack_List":{"actions":{"Set_varTableName_to_LocationTrack":{"runAfter":{},"type":"SetVariable","inputs":{"name":"varTableName","value":"@{variables('varTablePrefix')}locationTrack"}},"Set_varFieldsUri_for_LocationTrack":{"runAfter":{"Set_varTableName_to_LocationTrack":["Succeeded"]},"type":"SetVariable","inputs":{"name":"varFieldsUri","value":"_api/lists/getbytitle('@{variables('varTableName')}')/fields"}},"Create_LocationTrack_List":{"runAfter":{"Set_varFieldsUri_for_LocationTrack":["Succeeded"]},"metadata":{"flowSystemMetadata":{"swaggerOperationId":"HttpRequest"}},"type":"ApiConnection","inputs":{"host":{"connection":{"name":"@json(decodeBase64(triggerOutputs().headers['X-MS-APIM-Tokens']))['$connections']['shared_sharepointonline_1']['connectionId']"},"api":{"runtimeUrl":"https://europe-002.azure-apim.net/apim/sharepointonline"}},"method":"post","body":{"method":"POST","uri":"_api/web/lists","headers":{"Accept":"application/json;odata=verbose","Content-Type":"application/json;odata=verbose"},"body":"{\n  \"__metadata\": {\"type\": \"SP.List\"},\n  \"AllowContentTypes\": true,\n  \"BaseTemplate\": 100,\n \"Description\": \"List for the management of all LocationTracks for @{variables('varAppName')}.\",\n \"Title\": \"@{variables('varTableName')}\"\n}"},"path":"/datasets/@{encodeURIComponent(encodeURIComponent(variables('varSitePrefix')))}/httprequest","authentication":{"type":"Raw","value":"@json(decodeBase64(triggerOutputs().headers['X-MS-APIM-Tokens']))['$ConnectionKey']"}}},"Create_LocationTrack_User_Field":{"runAfter":{"Add_LocationTrack_ID_Field_to_Default_View":["Succeeded"]},"metadata":{"flowSystemMetadata":{"swaggerOperationId":"HttpRequest"}},"type":"ApiConnection","inputs":{"host":{"connection":{"name":"@json(decodeBase64(triggerOutputs().headers['X-MS-APIM-Tokens']))['$connections']['shared_sharepointonline_1']['connectionId']"},"api":{"runtimeUrl":"https://europe-002.azure-apim.net/apim/sharepointonline"}},"method":"post","body":{"method":"POST","uri":"@variables('varFieldsUri')","headers":{"Accept":"application/json;odata=verbose","Content-Type":"application/json;odata=verbose"},"body":"{\n    '__metadata': {'type':'SP.FieldUser', 'addToDefaultView': 'true' },\n    'FieldTypeKind': 20,\n    'Title': 'User'\n}"},"path":"/datasets/@{encodeURIComponent(encodeURIComponent(variables('varSitePrefix')))}/httprequest","authentication":{"type":"Raw","value":"@json(decodeBase64(triggerOutputs().headers['X-MS-APIM-Tokens']))['$ConnectionKey']"}}},"Create_LocationTrack_CheckIn_Field":{"runAfter":{"Add_LocationTrack_Building_Field_to_Default_View":["Succeeded"]},"metadata":{"flowSystemMetadata":{"swaggerOperationId":"HttpRequest"}},"type":"ApiConnection","inputs":{"host":{"connection":{"name":"@json(decodeBase64(triggerOutputs().headers['X-MS-APIM-Tokens']))['$connections']['shared_sharepointonline_1']['connectionId']"},"api":{"runtimeUrl":"https://europe-002.azure-apim.net/apim/sharepointonline"}},"method":"post","body":{"method":"POST","uri":"@variables('varFieldsUri')","headers":{"Accept":"application/json;odata=verbose","Content-Type":"application/json;odata=verbose"},"body":"{\n    '__metadata': {'type':'SP.FieldDateTime', 'addToDefaultView': 'true' },\n    'FieldTypeKind': 4,\n    'Title': 'CheckIn'\n}"},"path":"/datasets/@{encodeURIComponent(encodeURIComponent(variables('varSitePrefix')))}/httprequest","authentication":{"type":"Raw","value":"@json(decodeBase64(triggerOutputs().headers['X-MS-APIM-Tokens']))['$ConnectionKey']"}}},"Create_LocationTrack_CheckOut_Field":{"runAfter":{"Add_LocationTrack_CheckInField_to_Default_View":["Succeeded"]},"metadata":{"flowSystemMetadata":{"swaggerOperationId":"HttpRequest"}},"type":"ApiConnection","inputs":{"host":{"connection":{"name":"@json(decodeBase64(triggerOutputs().headers['X-MS-APIM-Tokens']))['$connections']['shared_sharepointonline_1']['connectionId']"},"api":{"runtimeUrl":"https://europe-002.azure-apim.net/apim/sharepointonline"}},"method":"post","body":{"method":"POST","uri":"@variables('varFieldsUri')","headers":{"Accept":"application/json;odata=verbose","Content-Type":"application/json;odata=verbose"},"body":"{\n    '__metadata': {'type':'SP.FieldDateTime', 'addToDefaultView': 'true' },\n    'FieldTypeKind': 4,\n    'Title': 'CheckOut'\n}"},"path":"/datasets/@{encodeURIComponent(encodeURIComponent(variables('varSitePrefix')))}/httprequest","authentication":{"type":"Raw","value":"@json(decodeBase64(triggerOutputs().headers['X-MS-APIM-Tokens']))['$ConnectionKey']"}}},"Create_LocationTrack_Space_Field":{"runAfter":{"Add_LocationTrack_User_Field_to_Default_View":["Succeeded"]},"metadata":{"flowSystemMetadata":{"swaggerOperationId":"HttpRequest"}},"type":"ApiConnection","inputs":{"host":{"connection":{"name":"@json(decodeBase64(triggerOutputs().headers['X-MS-APIM-Tokens']))['$connections']['shared_sharepointonline_1']['connectionId']"},"api":{"runtimeUrl":"https://europe-002.azure-apim.net/apim/sharepointonline"}},"method":"post","body":{"method":"POST","uri":"@{variables('varFieldsUri')}/addfield","headers":{"Accept":"application/json;odata=verbose","Content-Type":"application/json;odata=verbose"},"body":"{\n'parameters':\n{\n    '__metadata': {'type':'SP.FieldCreationInformation'},\n    'FieldTypeKind': 7,\n    'Title': 'Space',\n    'LookupListId' :'@{body('Parse_JSON_for_Space_List')?['d']?['Id']}',\n    'LookupFieldName' : 'Title'\n}\n}"},"path":"/datasets/@{encodeURIComponent(encodeURIComponent(variables('varSitePrefix')))}/httprequest","authentication":{"type":"Raw","value":"@json(decodeBase64(triggerOutputs().headers['X-MS-APIM-Tokens']))['$ConnectionKey']"}}},"Create_LocationTrack_Building_Field":{"runAfter":{"Add_LocationTrack_Space_Field_to_Default_View":["Succeeded"]},"metadata":{"flowSystemMetadata":{"swaggerOperationId":"HttpRequest"}},"type":"ApiConnection","inputs":{"host":{"connection":{"name":"@json(decodeBase64(triggerOutputs().headers['X-MS-APIM-Tokens']))['$connections']['shared_sharepointonline_1']['connectionId']"},"api":{"runtimeUrl":"https://europe-002.azure-apim.net/apim/sharepointonline"}},"method":"post","body":{"method":"POST","uri":"@{variables('varFieldsUri')}/addfield","headers":{"Accept":"application/json;odata=verbose","Content-Type":"application/json;odata=verbose"},"body":"{\n'parameters':\n{\n    '__metadata': {'type':'SP.FieldCreationInformation'},\n    'FieldTypeKind': 7,\n    'Title': 'Building',\n    'LookupListId' :'@{body('Parse_JSON_for_Building_List')?['d']?['Id']}',\n 'LookupFieldName' : 'Title'\n}\n}"},"path":"/datasets/@{encodeURIComponent(encodeURIComponent(variables('varSitePrefix')))}/httprequest","authentication":{"type":"Raw","value":"@json(decodeBase64(triggerOutputs().headers['X-MS-APIM-Tokens']))['$ConnectionKey']"}}},"Add_LocationTrack_User_Field_to_Default_View":{"runAfter":{"Create_LocationTrack_User_Field":["Succeeded"]},"metadata":{"flowSystemMetadata":{"swaggerOperationId":"HttpRequest"}},"type":"ApiConnection","inputs":{"host":{"connection":{"name":"@json(decodeBase64(triggerOutputs().headers['X-MS-APIM-Tokens']))['$connections']['shared_sharepointonline_1']['connectionId']"},"api":{"runtimeUrl":"https://europe-002.azure-apim.net/apim/sharepointonline"}},"method":"post","body":{"method":"POST","uri":"_api/web/lists/GetByTitle('@{variables('varTableName')}')/views/getbytitle('@{variables('varDefaultViewTitle')}')/ViewFields/AddViewField('User')","headers":{"Accept":"application/json;odata=verbose","Content-Type":"application/json;odata=verbose"}},"path":"/datasets/@{encodeURIComponent(encodeURIComponent(variables('varSitePrefix')))}/httprequest","authentication":{"type":"Raw","value":"@json(decodeBase64(triggerOutputs().headers['X-MS-APIM-Tokens']))['$ConnectionKey']"}}},"Add_LocationTrack_Space_Field_to_Default_View":{"runAfter":{"Create_LocationTrack_Space_Field":["Succeeded"]},"metadata":{"flowSystemMetadata":{"swaggerOperationId":"HttpRequest"}},"type":"ApiConnection","inputs":{"host":{"connection":{"name":"@json(decodeBase64(triggerOutputs().headers['X-MS-APIM-Tokens']))['$connections']['shared_sharepointonline_1']['connectionId']"},"api":{"runtimeUrl":"https://europe-002.azure-apim.net/apim/sharepointonline"}},"method":"post","body":{"method":"POST","uri":"_api/web/lists/GetByTitle('@{variables('varTableName')}')/views/getbytitle('@{variables('varDefaultViewTitle')}')/ViewFields/AddViewField('Space')","headers":{"Accept":"application/json;odata=verbose","Content-Type":"application/json;odata=verbose"}},"path":"/datasets/@{encodeURIComponent(encodeURIComponent(variables('varSitePrefix')))}/httprequest","authentication":{"type":"Raw","value":"@json(decodeBase64(triggerOutputs().headers['X-MS-APIM-Tokens']))['$ConnectionKey']"}}},"Add_LocationTrack_Building_Field_to_Default_View":{"runAfter":{"Create_LocationTrack_Building_Field":["Succeeded"]},"metadata":{"flowSystemMetadata":{"swaggerOperationId":"HttpRequest"}},"type":"ApiConnection","inputs":{"host":{"connection":{"name":"@json(decodeBase64(triggerOutputs().headers['X-MS-APIM-Tokens']))['$connections']['shared_sharepointonline_1']['connectionId']"},"api":{"runtimeUrl":"https://europe-002.azure-apim.net/apim/sharepointonline"}},"method":"post","body":{"method":"POST","uri":"_api/web/lists/GetByTitle('@{variables('varTableName')}')/views/getbytitle('@{variables('varDefaultViewTitle')}')/ViewFields/AddViewField('Building')","headers":{"Accept":"application/json;odata=verbose","Content-Type":"application/json;odata=verbose"}},"path":"/datasets/@{encodeURIComponent(encodeURIComponent(variables('varSitePrefix')))}/httprequest","authentication":{"type":"Raw","value":"@json(decodeBase64(triggerOutputs().headers['X-MS-APIM-Tokens']))['$ConnectionKey']"}}},"Add_LocationTrack_CheckInField_to_Default_View":{"runAfter":{"Create_LocationTrack_CheckIn_Field":["Succeeded"]},"metadata":{"flowSystemMetadata":{"swaggerOperationId":"HttpRequest"}},"type":"ApiConnection","inputs":{"host":{"connection":{"name":"@json(decodeBase64(triggerOutputs().headers['X-MS-APIM-Tokens']))['$connections']['shared_sharepointonline_1']['connectionId']"},"api":{"runtimeUrl":"https://europe-002.azure-apim.net/apim/sharepointonline"}},"method":"post","body":{"method":"POST","uri":"_api/web/lists/GetByTitle('@{variables('varTableName')}')/views/getbytitle('@{variables('varDefaultViewTitle')}')/ViewFields/AddViewField('CheckIn')","headers":{"Accept":"application/json;odata=verbose","Content-Type":"application/json;odata=verbose"}},"path":"/datasets/@{encodeURIComponent(encodeURIComponent(variables('varSitePrefix')))}/httprequest","authentication":{"type":"Raw","value":"@json(decodeBase64(triggerOutputs().headers['X-MS-APIM-Tokens']))['$ConnectionKey']"}}},"Add_LocationTrack_CheckOutField_to_Default_View":{"runAfter":{"Create_LocationTrack_CheckOut_Field":["Succeeded"]},"metadata":{"flowSystemMetadata":{"swaggerOperationId":"HttpRequest"}},"type":"ApiConnection","inputs":{"host":{"connection":{"name":"@json(decodeBase64(triggerOutputs().headers['X-MS-APIM-Tokens']))['$connections']['shared_sharepointonline_1']['connectionId']"},"api":{"runtimeUrl":"https://europe-002.azure-apim.net/apim/sharepointonline"}},"method":"post","body":{"method":"POST","uri":"_api/web/lists/GetByTitle('@{variables('varTableName')}')/views/getbytitle('@{variables('varDefaultViewTitle')}')/ViewFields/AddViewField('CheckOut')","headers":{"Accept":"application/json;odata=verbose","Content-Type":"application/json;odata=verbose"}},"path":"/datasets/@{encodeURIComponent(encodeURIComponent(variables('varSitePrefix')))}/httprequest","authentication":{"type":"Raw","value":"@json(decodeBase64(triggerOutputs().headers['X-MS-APIM-Tokens']))['$ConnectionKey']"}}},"Add_LocationTrack_ID_Field_to_Default_View":{"runAfter":{"Create_LocationTrack_List":["Succeeded"]},"metadata":{"flowSystemMetadata":{"swaggerOperationId":"HttpRequest"}},"type":"ApiConnection","inputs":{"host":{"connection":{"name":"@json(decodeBase64(triggerOutputs().headers['X-MS-APIM-Tokens']))['$connections']['shared_sharepointonline_1']['connectionId']"},"api":{"runtimeUrl":"https://europe-002.azure-apim.net/apim/sharepointonline"}},"method":"post","body":{"method":"POST","uri":"_api/web/lists/GetByTitle('@{variables('varTableName')}')/views/getbytitle('@{variables('varDefaultViewTitle')}')/ViewFields/AddViewField('ID')","headers":{"Accept":"application/json;odata=verbose","Content-Type":"application/json;odata=verbose"}},"path":"/datasets/@{encodeURIComponent(encodeURIComponent(variables('varSitePrefix')))}/httprequest","authentication":{"type":"Raw","value":"@json(decodeBase64(triggerOutputs().headers['X-MS-APIM-Tokens']))['$ConnectionKey']"}}}},"runAfter":{"Scope_-_Reservation_List":["Succeeded"]},"type":"Scope"},"Initialize_Default_View_Name":{"runAfter":{"Initialize_Fields_URI":["Succeeded"]},"type":"InitializeVariable","inputs":{"variables":[{"name":"varDefaultViewTitle","type":"string","value":"All Items"}]}},"Scope_-_AppConfig_List":{"actions":{"Set_varTableName_to_Config":{"runAfter":{},"type":"SetVariable","inputs":{"name":"varTableName","value":"@{variables('varTablePrefix')}appConfig"}},"Set_varFieldsUri_for_Config":{"runAfter":{"Set_varTableName_to_Config":["Succeeded"]},"type":"SetVariable","inputs":{"name":"varFieldsUri","value":"_api/lists/getbytitle('@{variables('varTableName')}')/fields"}},"Create_Configs_List":{"runAfter":{"Set_varFieldsUri_for_Config":["Succeeded"]},"metadata":{"flowSystemMetadata":{"swaggerOperationId":"HttpRequest"}},"type":"ApiConnection","inputs":{"host":{"connection":{"name":"@json(decodeBase64(triggerOutputs().headers['X-MS-APIM-Tokens']))['$connections']['shared_sharepointonline_1']['connectionId']"},"api":{"runtimeUrl":"https://europe-002.azure-apim.net/apim/sharepointonline"}},"method":"post","body":{"method":"POST","uri":"_api/web/lists","headers":{"Accept":"application/json;odata=verbose","Content-Type":"application/json;odata=verbose"},"body":"{\n  \"__metadata\": {\"type\": \"SP.List\"},\n  \"AllowContentTypes\": true,\n  \"BaseTemplate\": 100,\n \"Description\": \"List for the management of all Configs for @{variables('varAppName')}.\",\n \"Title\": \"@{variables('varTableName')}\"\n}"},"path":"/datasets/@{encodeURIComponent(encodeURIComponent(variables('varSitePrefix')))}/httprequest","authentication":{"type":"Raw","value":"@json(decodeBase64(triggerOutputs().headers['X-MS-APIM-Tokens']))['$ConnectionKey']"}}},"Add_Config_Value_Field":{"runAfter":{"Set_Config_Title_Field_Unique":["Succeeded"]},"metadata":{"flowSystemMetadata":{"swaggerOperationId":"HttpRequest"}},"type":"ApiConnection","inputs":{"host":{"connection":{"name":"@json(decodeBase64(triggerOutputs().headers['X-MS-APIM-Tokens']))['$connections']['shared_sharepointonline_1']['connectionId']"},"api":{"runtimeUrl":"https://europe-002.azure-apim.net/apim/sharepointonline"}},"method":"post","body":{"method":"POST","uri":"@variables('varFieldsUri')","headers":{"Accept":"application/json;odata=verbose","Content-Type":"application/json;odata=verbose"},"body":"{\n    '__metadata': {'type':'SP.FieldText', 'addToDefaultView': 'true' },\n    'FieldTypeKind': 2,\n    'Title': 'Value'\n}"},"path":"/datasets/@{encodeURIComponent(encodeURIComponent(variables('varSitePrefix')))}/httprequest","authentication":{"type":"Raw","value":"@json(decodeBase64(triggerOutputs().headers['X-MS-APIM-Tokens']))['$ConnectionKey']"}}},"Add_Config_Value_to_Default_View":{"runAfter":{"Add_Config_Value_Field":["Succeeded"]},"metadata":{"flowSystemMetadata":{"swaggerOperationId":"HttpRequest"}},"type":"ApiConnection","inputs":{"host":{"connection":{"name":"@json(decodeBase64(triggerOutputs().headers['X-MS-APIM-Tokens']))['$connections']['shared_sharepointonline_1']['connectionId']"},"api":{"runtimeUrl":"https://europe-002.azure-apim.net/apim/sharepointonline"}},"method":"post","body":{"method":"POST","uri":"_api/web/lists/GetByTitle('@{variables('varTableName')}')/views/getbytitle('@{variables('varDefaultViewTitle')}')/ViewFields/AddViewField('Value')","headers":{"Accept":"application/json;odata=verbose","Content-Type":"application/json;odata=verbose"}},"path":"/datasets/@{encodeURIComponent(encodeURIComponent(variables('varSitePrefix')))}/httprequest","authentication":{"type":"Raw","value":"@json(decodeBase64(triggerOutputs().headers['X-MS-APIM-Tokens']))['$ConnectionKey']"}}},"Set_Config_Title_Field_Unique":{"runAfter":{"Create_Configs_List":["Succeeded"]},"metadata":{"flowSystemMetadata":{"swaggerOperationId":"HttpRequest"}},"type":"ApiConnection","inputs":{"host":{"connection":{"name":"@json(decodeBase64(triggerOutputs().headers['X-MS-APIM-Tokens']))['$connections']['shared_sharepointonline_1']['connectionId']"},"api":{"runtimeUrl":"https://europe-002.azure-apim.net/apim/sharepointonline"}},"method":"post","body":{"method":"PATCH","uri":"@{variables('varFieldsUri')}/getbytitle('Title')","headers":{"Accept":"application/json;odata=verbose","Content-Type":"application/json;odata=verbose","If-Match":"*"},"body":"{\n'__metadata': {'type':'SP.FieldText' },\n'Indexed': true,\n'EnforceUniqueValues': true\n}"},"path":"/datasets/@{encodeURIComponent(encodeURIComponent(variables('varSitePrefix')))}/httprequest","authentication":{"type":"Raw","value":"@json(decodeBase64(triggerOutputs().headers['X-MS-APIM-Tokens']))['$ConnectionKey']"}}},"Apply_to_each":{"foreach":"@variables('varDefaultConfigs')","actions":{"Create_item":{"runAfter":{},"metadata":{"flowSystemMetadata":{"swaggerOperationId":"PostItem"}},"type":"ApiConnection","inputs":{"host":{"connection":{"name":"@json(decodeBase64(triggerOutputs().headers['X-MS-APIM-Tokens']))['$connections']['shared_sharepointonline_1']['connectionId']"},"api":{"runtimeUrl":"https://europe-002.azure-apim.net/apim/sharepointonline"}},"method":"post","body":"@items('Apply_to_each')","path":"/datasets/@{encodeURIComponent(encodeURIComponent(variables('varSitePrefix')))}/tables/@{encodeURIComponent(encodeURIComponent('btw_appConfig'))}/items","authentication":{"type":"Raw","value":"@json(decodeBase64(triggerOutputs().headers['X-MS-APIM-Tokens']))['$ConnectionKey']"}}}},"runAfter":{"Add_Config_Value_to_Default_View":["Succeeded"]},"type":"Foreach"}},"runAfter":{"Initialize_DefaultConfigs":["Succeeded"]},"type":"Scope"},"Terminate":{"runAfter":{"Scope_-_AppConfig_List":["Succeeded"]},"type":"Terminate","inputs":{"runStatus":"Succeeded"}},"Initialize_DefaultConfigs":{"runAfter":{"Scope_-_LocationTrack_List":["Succeeded"]},"type":"InitializeVariable","inputs":{"variables":[{"name":"varDefaultConfigs","type":"array","value":[{"Title":"messageHeaderDE","Value":"Willkommen"},{"Title":"messageHeaderEN","Value":"Welcome"},{"Title":"mailingList","Value":""},{"Title":"buttonInfectedEnabled","Value":"true"}]}]}}},"outputs":{}},"connectionReferences":{"shared_sharepointonline_1":{"connectionName":"096ddc12e9394ca49afa29dbe5cf9f8d","source":"Invoker","id":"/providers/Microsoft.PowerApps/apis/shared_sharepointonline","tier":"NotSpecified"}},"flowFailureAlertSubscribed":false}}