{"name":"80bc5507-0ef9-4743-9daf-a2d86b90af8e","id":"/providers/Microsoft.Flow/flows/80bc5507-0ef9-4743-9daf-a2d86b90af8e","type":"Microsoft.Flow/flows","properties":{"apiId":"/providers/Microsoft.PowerApps/apis/shared_logicflows","displayName":"Send B2W Notification","definition":{"metadata":{"workflowEntityId":null,"creator":{"id":"fdd33711-3f1b-454a-89ca-8e6c0554d15d","type":"User","tenantId":"575cc44e-d14e-4e78-888e-374068f49f78"},"provisioningMethod":"FromDefinition","failureAlertSubscription":true,"clientLastModifiedTime":"2020-05-11T14:17:19.7389377Z"},"$schema":"https://schema.management.azure.com/providers/Microsoft.Logic/schemas/2016-06-01/workflowdefinition.json#","contentVersion":"1.0.0.0","parameters":{"$connections":{"defaultValue":{},"type":"Object"},"$authentication":{"defaultValue":{},"type":"SecureObject"}},"triggers":{"manual":{"type":"Request","kind":"PowerApp","inputs":{"schema":{"type":"object","properties":{"varEmailAddress_Value":{"type":"string","description":"Enter initial value","x-ms-powerflows-param-ispartial":false},"varUserName_Value":{"type":"string","description":"Enter initial value","x-ms-powerflows-param-ispartial":false}},"required":["varEmailAddress_Value","varUserName_Value"]}}}},"actions":{"varUserName":{"runAfter":{},"type":"InitializeVariable","inputs":{"variables":[{"name":"varUserName","type":"string","value":"@{triggerBody()['varUserName_Value']}"}]}},"Get_items":{"runAfter":{"varEmailAddress":["Succeeded"]},"metadata":{"flowSystemMetadata":{"swaggerOperationId":"GetItems"}},"type":"ApiConnection","inputs":{"host":{"connection":{"name":"@json(decodeBase64(triggerOutputs().headers['X-MS-APIM-Tokens']))['$connections']['shared_sharepointonline']['connectionId']"},"api":{"runtimeUrl":"https://europe-002.azure-apim.net/apim/sharepointonline"}},"method":"get","path":"/datasets/@{encodeURIComponent(encodeURIComponent('https://sycor365.sharepoint.com/sites/SycorBack2Work/datamodel'))}/tables/@{encodeURIComponent(encodeURIComponent('2679da53-a15f-49b7-85c5-f4373c41c9a4'))}/items","authentication":{"type":"Raw","value":"@json(decodeBase64(triggerOutputs().headers['X-MS-APIM-Tokens']))['$ConnectionKey']"}}},"Apply_to_each":{"foreach":"@body('Get_items')?['value']","actions":{"Send_an_email_(V2)":{"runAfter":{},"metadata":{"flowSystemMetadata":{"swaggerOperationId":"SendEmailV2"}},"type":"ApiConnection","inputs":{"host":{"connection":{"name":"@json(decodeBase64(triggerOutputs().headers['X-MS-APIM-Tokens']))['$connections']['shared_office365']['connectionId']"},"api":{"runtimeUrl":"https://europe-002.azure-apim.net/apim/office365"}},"method":"post","body":{"To":"@{items('Apply_to_each')?['Recipient']}","Subject":"Back2Work Notification","Body":"<p>@{variables('varUserName')},@{variables('varEmailAddress')}</p>"},"path":"/v2/Mail","authentication":{"type":"Raw","value":"@json(decodeBase64(triggerOutputs().headers['X-MS-APIM-Tokens']))['$ConnectionKey']"}}}},"runAfter":{"Get_items":["Succeeded"]},"type":"Foreach"},"varEmailAddress":{"runAfter":{"varUserName":["Succeeded"]},"type":"InitializeVariable","inputs":{"variables":[{"name":"varEmailAddress","type":"string","value":"@{triggerBody()['varEmailAddress_Value']}"}]}},"Terminate":{"runAfter":{"Apply_to_each":["Succeeded"]},"type":"Terminate","inputs":{"runStatus":"Succeeded"}}}},"connectionReferences":{"shared_sharepointonline":{"connectionName":"7223f766271d46369f9cc655a2af8033","source":"Invoker","id":"/providers/Microsoft.PowerApps/apis/shared_sharepointonline","tier":"NotSpecified"},"shared_office365":{"connectionName":"shared-office365-df48ccb8-9664-4805-8205-a76a53a8be3b","source":"Invoker","id":"/providers/Microsoft.PowerApps/apis/shared_office365","tier":"NotSpecified"}},"flowFailureAlertSubscribed":false}}