{"name":"80bc5507-0ef9-4743-9daf-a2d86b90af8e","id":"/providers/Microsoft.Flow/flows/80bc5507-0ef9-4743-9daf-a2d86b90af8e","type":"Microsoft.Flow/flows","properties":{"apiId":"/providers/Microsoft.PowerApps/apis/shared_logicflows","displayName":"Send B2W Notification","definition":{"metadata":{"workflowEntityId":null,"creator":{"id":"fdd33711-3f1b-454a-89ca-8e6c0554d15d","type":"User","tenantId":"575cc44e-d14e-4e78-888e-374068f49f78"},"provisioningMethod":"FromDefinition","failureAlertSubscription":true,"clientLastModifiedTime":"2020-05-14T07:00:38.2409685Z"},"$schema":"https://schema.management.azure.com/providers/Microsoft.Logic/schemas/2016-06-01/workflowdefinition.json#","contentVersion":"1.0.0.0","parameters":{"$connections":{"defaultValue":{},"type":"Object"},"$authentication":{"defaultValue":{},"type":"SecureObject"}},"triggers":{"manual":{"type":"Request","kind":"PowerApp","inputs":{"schema":{"type":"object","properties":{"InitializeUserMail_Value":{"type":"string","description":"Enter initial value","x-ms-powerflows-param-ispartial":false},"InitializeUserName_Value":{"type":"string","description":"Enter initial value","x-ms-powerflows-param-ispartial":false}},"required":["InitializeUserMail_Value","InitializeUserName_Value"]}}}},"actions":{"Terminate":{"runAfter":{"Send_an_email_(V2)":["Succeeded"]},"type":"Terminate","inputs":{"runStatus":"Succeeded"}},"Send_an_email_(V2)":{"runAfter":{"Initialize_UserName":["Succeeded"]},"metadata":{"flowSystemMetadata":{"swaggerOperationId":"SendEmailV2"}},"type":"ApiConnection","inputs":{"host":{"connection":{"name":"@json(decodeBase64(triggerOutputs().headers['X-MS-APIM-Tokens']))['$connections']['shared_office365']['connectionId']"},"api":{"runtimeUrl":"https://europe-002.azure-apim.net/apim/office365"}},"method":"post","body":{"To":"@variables('varUserMail')","Subject":"Back2Work Notification","Body":"<p>@{variables('varUserName')}</p>"},"path":"/v2/Mail","authentication":{"type":"Raw","value":"@json(decodeBase64(triggerOutputs().headers['X-MS-APIM-Tokens']))['$ConnectionKey']"}}},"Initialize_UserMail":{"runAfter":{},"type":"InitializeVariable","inputs":{"variables":[{"name":"varUserMail","type":"string","value":"@{triggerBody()['InitializeUserMail_Value']}"}]}},"Initialize_UserName":{"runAfter":{"Initialize_UserMail":["Succeeded"]},"type":"InitializeVariable","inputs":{"variables":[{"name":"varUserName","type":"string","value":"@{triggerBody()['InitializeUserName_Value']}"}]}}}},"connectionReferences":{"shared_office365":{"connectionName":"shared-office365-df48ccb8-9664-4805-8205-a76a53a8be3b","source":"Invoker","id":"/providers/Microsoft.PowerApps/apis/shared_office365","tier":"NotSpecified"}},"flowFailureAlertSubscribed":false}}