{"schemaVersion":"1.0","appDefinitionTemplate":{"id":"/providers/Microsoft.PowerApps/apps/","type":"Microsoft.PowerApps/apps","tags":{"primaryDeviceWidth":"1366","primaryDeviceHeight":"768","sienaVersion":"20200514T134024Z-3.20043.22.0","deviceCapabilities":"","supportsPortrait":"false","supportsLandscape":"true","primaryFormFactor":"Tablet","publisherVersion":"3.20043.22","minimumRequiredApiVersion":"2.2.0","hasComponent":"true","hasUnlockedComponent":"true","isUnifiedRootApp":"false"},"properties":{"appVersion":"2020-05-14T13:40:24Z","lifeCycleId":"Published","createdByClientVersion":{"major":3,"minor":20043,"build":22,"revision":0,"majorRevision":0,"minorRevision":0},"minClientVersion":{"major":3,"minor":20043,"build":22,"revision":0,"majorRevision":0,"minorRevision":0},"backgroundColor":"rgba(0, 176, 240, 1)","backgroundImageUri":"/3481785896185429531/N6daa81e1-87ec-4043-ae4c-5dcb91d3036b-logoSmallFile","displayName":"Sycor Back2Work Admin","description":"","commitMessage":"","appUris":{"documentUri":{"value":"/3481785896185429531/N5685205a-3087-4371-a9a4-686f6735451c-document.msapp","readonlyValue":"/3481785896185429531/N5685205a-3087-4371-a9a4-686f6735451c-document.msapp"},"imageUris":[]},"createdTime":"0001-01-01T00:00:00Z","lastModifiedTime":"0001-01-01T00:00:00Z","sharedGroupsCount":0,"sharedUsersCount":0,"icons":{"smallIconUri":"/3481785896185429531/N770227c9-aa98-4556-880e-9c47f46c1e2c-small.png","mediumIconUri":"/3481785896185429531/N4af4ad3e-e548-4fd2-a5ca-938732ee5928-medium.png","largeIconUri":"/3481785896185429531/N868a84a4-651d-4612-861c-5daaf1006cf3-large.png","wideIconUri":"/3481785896185429531/N26f33aa0-e33b-45c6-943a-1d45d2a23454-wide.png"},"connectionReferences":{"dd8e220b-444d-4e9b-b838-3eb24f5847d6":{"id":"8816236c-2183-4790-b9b2-e19241777546","displayName":"SharePoint","iconUri":"https://connectoricons-prod.azureedge.net/sharepointonline/icon_1.0.1329.1956.png","dataSources":["btw_site","btw_building","btw_space","btw_shift","btw_AppConfig","btw_locationTrack"],"dependencies":[],"dependents":[],"parameterHints":{},"isOnPremiseConnection":false,"bypassConsent":false,"dataSets":{"https://sycor365.sharepoint.com/sites/SycorBack2Work/datamodel":{"dataSources":{"btw_site":{"tableName":"fa668468-0d07-42f5-91c7-ce058b6a66cb"},"btw_building":{"tableName":"f90b778c-e819-4488-babd-7015db758157"},"btw_space":{"tableName":"94842a6b-0b9c-437e-a223-9f76b507eee2"},"btw_shift":{"tableName":"ceed1858-c6f2-442b-b713-c9688fa8f94e"},"btw_AppConfig":{"tableName":"334ee185-5768-499c-975e-922601487326"},"btw_locationTrack":{"tableName":"313b4fb9-a362-4f6f-ac3e-1dc012d8ca32"}}}},"apiTier":"Standard","isCustomApiConnection":false}},"databaseReferences":{},"almMode":"Environment","performanceOptimizationEnabled":true,"canConsumeAppPass":true},"isAppComponentLibrary":false,"appType":"ClassicCanvasApp","appComponents":[]}}