{"schemaVersion":"1.0","appDefinitionTemplate":{"id":"/providers/Microsoft.PowerApps/apps/","type":"Microsoft.PowerApps/apps","tags":{"primaryDeviceWidth":"640","primaryDeviceHeight":"1136","sienaVersion":"20200514T065004Z-3.20043.22.0","deviceCapabilities":"webcam","supportsPortrait":"true","supportsLandscape":"false","primaryFormFactor":"Phone","publisherVersion":"3.20043.22","minimumRequiredApiVersion":"2.2.0","hasComponent":"false","hasUnlockedComponent":"false","isUnifiedRootApp":"false"},"properties":{"appVersion":"2020-05-14T06:50:04Z","lifeCycleId":"Published","createdByClientVersion":{"major":3,"minor":20043,"build":22,"revision":0,"majorRevision":0,"minorRevision":0},"minClientVersion":{"major":3,"minor":20043,"build":22,"revision":0,"majorRevision":0,"minorRevision":0},"backgroundColor":"rgba(0, 176, 240, 1)","backgroundImageUri":"/6846355488428172474/Na6572d39-3055-4703-ae7f-a00c52d3b543-logoSmallFile","displayName":"Sycor Back2Work","description":"","commitMessage":"","appUris":{"documentUri":{"value":"/6846355488428172474/N5da4f99f-6ca3-4c00-839b-03d99c101f5c-document.msapp","readonlyValue":"/6846355488428172474/N5da4f99f-6ca3-4c00-839b-03d99c101f5c-document.msapp"},"imageUris":[]},"createdTime":"0001-01-01T00:00:00Z","lastModifiedTime":"0001-01-01T00:00:00Z","sharedGroupsCount":0,"sharedUsersCount":0,"icons":{"smallIconUri":"/6846355488428172474/Ne4f9c8bf-07ef-4771-b9cf-4e46d3d269be-small.png","mediumIconUri":"/6846355488428172474/N3a739169-595c-43d9-90ac-6aedc2593f6e-medium.png","largeIconUri":"/6846355488428172474/N13a128e9-d050-4ed7-9bf2-3de88b897f66-large.png","wideIconUri":"/6846355488428172474/Na494f47d-084b-4cee-9b6d-5cbd0d00c8c3-wide.png"},"connectionReferences":{"db64886f-261b-4944-9f13-dd95f4121c9f":{"id":"8816236c-2183-4790-b9b2-e19241777546","displayName":"SharePoint","iconUri":"https://connectoricons-prod.azureedge.net/sharepointonline/icon_1.0.1329.1956.png","dataSources":["btw_translation","btw_space","btw_site","btw_shift","btw_locationTrack","btw_building","btw_reservation","btw_AppConfig"],"dependencies":[],"dependents":["1f05ca5d-b3ac-43c7-b27c-404076fecb2b"],"parameterHints":{},"isOnPremiseConnection":false,"bypassConsent":false,"dataSets":{"https://sycor365.sharepoint.com/sites/SycorBack2Work/datamodel":{"dataSources":{"btw_translation":{"tableName":"fe3dcf2b-775a-4710-950c-da5484a9f1c4"},"btw_space":{"tableName":"94842a6b-0b9c-437e-a223-9f76b507eee2"},"btw_site":{"tableName":"fa668468-0d07-42f5-91c7-ce058b6a66cb"},"btw_shift":{"tableName":"ceed1858-c6f2-442b-b713-c9688fa8f94e"},"btw_locationTrack":{"tableName":"313b4fb9-a362-4f6f-ac3e-1dc012d8ca32"},"btw_building":{"tableName":"f90b778c-e819-4488-babd-7015db758157"},"btw_reservation":{"tableName":"d11d60b6-f541-49ab-ab60-b1b98b9786d2"},"btw_AppConfig":{"tableName":"334ee185-5768-499c-975e-922601487326"}}}},"apiTier":"Standard","isCustomApiConnection":false},"04fb5d7a-7460-46db-bcf3-0cb80513d4e6":{"id":"687f3eba-9e51-4e2c-92d6-4be69a24d6e6","displayName":"Office 365 Users","iconUri":"https://connectoricons-prod.azureedge.net/office365users/icon_1.0.1335.1964.png","dataSources":["Office365Users"],"dependencies":[],"dependents":[],"parameterHints":{},"isOnPremiseConnection":false,"bypassConsent":false,"dataSets":{},"apiTier":"Standard","isCustomApiConnection":false},"1f05ca5d-b3ac-43c7-b27c-404076fecb2b":{"id":"ef054feb-62c7-4fe5-b7df-23d6f80d45e1","displayName":"Logic flows","iconUri":"https://resourcestackdeploy.blob.core.windows.net/scripts/13276078.png","dataSources":["SendB2WNotification"],"dependencies":["db64886f-261b-4944-9f13-dd95f4121c9f","0cf09711-237e-4ff1-8e83-d2760f143a78"],"dependents":[],"parameterHints":{"workflowName":{"value":"c1b26e72-2de7-4238-96be-b6c16d7d892b"},"db64886f-261b-4944-9f13-dd95f4121c9f":{"value":"shared_sharepointonline"},"0cf09711-237e-4ff1-8e83-d2760f143a78":{"value":"shared_office365"}},"isOnPremiseConnection":false,"bypassConsent":false,"dataSets":{},"apiTier":"Standard","isCustomApiConnection":false},"0cf09711-237e-4ff1-8e83-d2760f143a78":{"id":"4a9c646c-f729-4cec-8c8d-d39f86cff292","displayName":"Office 365 Outlook","iconUri":"https://connectoricons-prod.azureedge.net/office365/icon_1.0.1344.1994.png","dataSources":[],"dependencies":[],"dependents":["1f05ca5d-b3ac-43c7-b27c-404076fecb2b"],"parameterHints":{},"isOnPremiseConnection":false,"bypassConsent":false,"dataSets":{},"apiTier":"Standard","isCustomApiConnection":false}},"databaseReferences":{},"almMode":"Environment","performanceOptimizationEnabled":false,"canConsumeAppPass":true},"isAppComponentLibrary":false,"appType":"ClassicCanvasApp","appComponents":[]}}