{"schemaVersion":"1.0","appDefinitionTemplate":{"id":"/providers/Microsoft.PowerApps/apps/","type":"Microsoft.PowerApps/apps","tags":{"primaryDeviceWidth":"640","primaryDeviceHeight":"1136","sienaVersion":"20200515T101445Z-3.20051.16.0","deviceCapabilities":"webcam","supportsPortrait":"true","supportsLandscape":"false","primaryFormFactor":"Phone","publisherVersion":"3.20051.16","minimumRequiredApiVersion":"2.2.0","hasComponent":"false","hasUnlockedComponent":"false","isUnifiedRootApp":"false"},"properties":{"appVersion":"2020-05-15T10:14:45Z","lifeCycleId":"Published","createdByClientVersion":{"major":3,"minor":20051,"build":16,"revision":0,"majorRevision":0,"minorRevision":0},"minClientVersion":{"major":3,"minor":20051,"build":16,"revision":0,"majorRevision":0,"minorRevision":0},"backgroundColor":"rgba(0, 176, 240, 1)","backgroundImageUri":"/6846355488428172474/Nd63424f1-80a6-4902-9878-a829e7ad09b2-logoSmallFile","displayName":"Sycor Back2Work","description":"","commitMessage":"","appUris":{"documentUri":{"value":"/6846355488428172474/N4b38bdff-7de7-45be-8e9b-9c30f7217d90-document.msapp","readonlyValue":"/6846355488428172474/N4b38bdff-7de7-45be-8e9b-9c30f7217d90-document.msapp"},"imageUris":[]},"createdTime":"0001-01-01T00:00:00Z","lastModifiedTime":"0001-01-01T00:00:00Z","sharedGroupsCount":0,"sharedUsersCount":0,"icons":{"smallIconUri":"/6846355488428172474/N8429906e-e925-45fa-89ae-e5c6d0b03d63-small.png","mediumIconUri":"/6846355488428172474/Na78b8b52-3322-4316-a3d9-df7cfa64e7b2-medium.png","largeIconUri":"/6846355488428172474/Ne54d3687-6834-4857-ad3c-1bc33e87115a-large.png","wideIconUri":"/6846355488428172474/Nf55c6630-062a-4f4d-8ab7-99524fe928f8-wide.png"},"connectionReferences":{"db64886f-261b-4944-9f13-dd95f4121c9f":{"id":"8816236c-2183-4790-b9b2-e19241777546","displayName":"SharePoint","iconUri":"https://connectoricons-prod.azureedge.net/sharepointonline/icon_1.0.1329.1956.png","dataSources":["btw_space","btw_site","btw_shift","btw_locationTrack","btw_building","btw_reservation","btw_AppConfig"],"dependencies":[],"dependents":[],"parameterHints":{},"isOnPremiseConnection":false,"bypassConsent":false,"dataSets":{"https://sycor365.sharepoint.com/sites/SycorBack2Work/datamodel":{"dataSources":{"btw_space":{"tableName":"94842a6b-0b9c-437e-a223-9f76b507eee2"},"btw_site":{"tableName":"fa668468-0d07-42f5-91c7-ce058b6a66cb"},"btw_shift":{"tableName":"ceed1858-c6f2-442b-b713-c9688fa8f94e"},"btw_locationTrack":{"tableName":"313b4fb9-a362-4f6f-ac3e-1dc012d8ca32"},"btw_building":{"tableName":"f90b778c-e819-4488-babd-7015db758157"},"btw_reservation":{"tableName":"d11d60b6-f541-49ab-ab60-b1b98b9786d2"},"btw_AppConfig":{"tableName":"334ee185-5768-499c-975e-922601487326"}}}},"apiTier":"Standard","isCustomApiConnection":false},"04fb5d7a-7460-46db-bcf3-0cb80513d4e6":{"id":"687f3eba-9e51-4e2c-92d6-4be69a24d6e6","displayName":"Office 365 Users","iconUri":"https://connectoricons-prod.azureedge.net/office365users/icon_1.0.1335.1964.png","dataSources":["Office365Users"],"dependencies":[],"dependents":[],"parameterHints":{},"isOnPremiseConnection":false,"bypassConsent":false,"dataSets":{},"apiTier":"Standard","isCustomApiConnection":false}},"databaseReferences":{},"almMode":"Environment","performanceOptimizationEnabled":false,"canConsumeAppPass":true},"isAppComponentLibrary":false,"appType":"ClassicCanvasApp","appComponents":[]}}