{"schemaVersion":"1.0","appDefinitionTemplate":{"id":"/providers/Microsoft.PowerApps/apps/","type":"Microsoft.PowerApps/apps","tags":{"primaryDeviceWidth":"1366","primaryDeviceHeight":"768","sienaVersion":"20200513T062834Z-3.20043.21.0","deviceCapabilities":"","supportsPortrait":"false","supportsLandscape":"true","primaryFormFactor":"Tablet","publisherVersion":"3.20043.21","minimumRequiredApiVersion":"2.2.0","hasComponent":"true","hasUnlockedComponent":"true","isUnifiedRootApp":"false"},"properties":{"appVersion":"2020-05-13T06:28:34Z","lifeCycleId":"Published","createdByClientVersion":{"major":3,"minor":20043,"build":21,"revision":0,"majorRevision":0,"minorRevision":0},"minClientVersion":{"major":3,"minor":20043,"build":21,"revision":0,"majorRevision":0,"minorRevision":0},"backgroundColor":"rgba(0, 176, 240, 1)","backgroundImageUri":"/3481785896185429531/N0b43581a-c35c-4260-82d5-b70dad5da515-logoSmallFile","displayName":"Sycor Back2Work Admin","description":"","commitMessage":"","appUris":{"documentUri":{"value":"/3481785896185429531/N04d75ccb-8f7a-4851-b2b1-5de9a46077c0-document.msapp","readonlyValue":"/3481785896185429531/N04d75ccb-8f7a-4851-b2b1-5de9a46077c0-document.msapp"},"imageUris":[]},"createdTime":"0001-01-01T00:00:00Z","lastModifiedTime":"0001-01-01T00:00:00Z","sharedGroupsCount":0,"sharedUsersCount":0,"icons":{"smallIconUri":"/3481785896185429531/N98fe6b4a-646f-4852-800d-0e32373612c4-small.png","mediumIconUri":"/3481785896185429531/Nd3ffde00-f8f4-4b8d-8bd6-2aeacfc68940-medium.png","largeIconUri":"/3481785896185429531/N26961172-063e-4a49-a39a-2fecc8647520-large.png","wideIconUri":"/3481785896185429531/Nc1a5645c-0f01-4959-835a-f25290b94f7d-wide.png"},"connectionReferences":{"dd8e220b-444d-4e9b-b838-3eb24f5847d6":{"id":"8816236c-2183-4790-b9b2-e19241777546","displayName":"SharePoint","iconUri":"https://connectoricons-prod.azureedge.net/sharepointonline/icon_1.0.1329.1956.png","dataSources":["btw_site","btw_building","btw_space","btw_translation","btw_shift","btw_AppConfig"],"dependencies":[],"dependents":[],"parameterHints":{},"isOnPremiseConnection":false,"bypassConsent":false,"dataSets":{"https://sycor365.sharepoint.com/sites/SycorBack2Work/datamodel":{"dataSources":{"btw_site":{"tableName":"fa668468-0d07-42f5-91c7-ce058b6a66cb"},"btw_building":{"tableName":"f90b778c-e819-4488-babd-7015db758157"},"btw_space":{"tableName":"94842a6b-0b9c-437e-a223-9f76b507eee2"},"btw_translation":{"tableName":"fe3dcf2b-775a-4710-950c-da5484a9f1c4"},"btw_shift":{"tableName":"ceed1858-c6f2-442b-b713-c9688fa8f94e"},"btw_AppConfig":{"tableName":"334ee185-5768-499c-975e-922601487326"}}}},"apiTier":"Standard","isCustomApiConnection":false}},"databaseReferences":{},"almMode":"Environment","performanceOptimizationEnabled":true,"canConsumeAppPass":true},"isAppComponentLibrary":false,"appType":"ClassicCanvasApp","appComponents":[]}}